id,total (total_pop),total (int_access),total (income),perc_int_access,perc_income
39061,816684,344562,200962,42.1904,24.6071
39063,75930,31606,19705,41.6252,25.9515
39081,65767,27292,16722,41.498,25.4261
39085,230514,96577,61277,41.8964,26.5828
39089,175769,62237,44495,35.4084,25.3145
39093,309461,121344,80178,39.2114,25.9089
39095,429899,178289,103610,41.4723,24.101
39099,229642,97365,59412,42.3986,25.8716
39101,65256,24205,14270,37.0924,21.8677
40143,648360,250492,158364,38.6347,24.4253
40145,80110,30186,22783,37.6807,28.4396
41003,92101,35520,20800,38.5664,22.5839
53053,891299,328519,223206,36.8585,25.0428
53057,128206,48474,33216,37.8095,25.9083
53061,814901,300215,211582,36.8407,25.9641
53063,514631,206191,129299,40.0658,25.1246
53067,286419,110713,73809,38.6542,25.7696
53073,225685,87080,52754,38.5848,23.3751
53077,251446,83320,60727,33.1363,24.1511
54003,117123,45800,29077,39.1042,24.826
54011,93224,38024,20673,40.7878,22.1756
54033,67554,26878,16051,39.7874,23.7603
54039,180454,78482,45228,43.4914,25.0635
54061,106420,40603,21507,38.1535,20.2095
54081,74254,31169,19889,41.9762,26.7851
54107,84203,36064,22130,42.8298,26.2817
55009,263378,104470,66181,39.6654,25.1278
55025,542364,226350,127612,41.734,23.5288
6067,1540975,543560,359266,35.2738,23.3142
6071,2171603,638647,486914,29.409,22.4219
6073,3343364,1130911,761247,33.8255,22.7689
6075,883305,362827,178643,41.0761,20.2244
6077,752660,231917,174492,30.813,23.1834
6079,284010,106198,67284,37.3923,23.6907
6081,769545,259654,182198,33.7412,23.6761
6083,446527,146224,100497,32.747,22.5064
48061,423908,124812,99070,29.4432,23.3706
48085,1005146,344824,253044,34.3059,25.1749
48091,148373,53182,38383,35.8434,25.8693
18043,77781,30300,19707,38.9555,25.3365
18053,65936,26923,17508,40.832,26.553
18057,330086,122876,93370,37.2254,28.2866
18059,76351,29605,20426,38.7749,26.7528
18063,167009,60368,45502,36.1466,27.2452
18067,82366,35139,23489,42.662,28.5178
18081,156225,57504,41158,36.8084,26.3453
18085,79344,30798,20175,38.8158,25.4273
18089,484411,186769,122000,38.5559,25.1852
18091,110007,43122,27658,39.1993,25.142
18095,129641,50426,32081,38.8966,24.746
18097,954670,373634,206317,39.1375,21.6113
18105,146917,57102,30220,38.8668,20.5694
18109,70116,25968,19642,37.0358,28.0136
18127,169594,66144,43374,39.0014,25.5752
18141,270771,107730,65770,39.7864,24.2899
18157,193048,70446,39265,36.4914,20.3395
18163,180974,75058,43505,41.4745,24.0394
18167,107386,43262,24852,40.2864,23.1427
18177,65936,28338,18288,42.978,27.736
19013,132408,53386,32401,40.3193,24.4706
19049,90180,35492,24120,39.3568,26.7465
19061,96854,38501,24381,39.7516,25.1729
19103,151260,60868,33567,40.2406,22.1916
19113,225909,91747,54685,40.6124,24.2066
19153,487204,189546,119472,38.9049,24.522
19155,93533,36635,23277,39.168,24.8864
19163,173283,66905,41240,38.6102,23.7992
19169,98105,37290,19329,38.0103,19.7024
19193,102539,39253,26451,38.281,25.796
20015,66765,24692,18338,36.9834,27.4665
20045,121436,48907,26355,40.2739,21.7028
20091,597555,231184,156199,38.6883,26.1397
20103,81352,26654,18837,32.7638,23.1549
20161,73703,26617,13019,36.1139,17.6641
20173,513607,198024,123752,38.5555,24.0947
20177,177499,72788,44345,41.0076,24.9832
20209,165324,60708,38635,36.7206,23.3693
21015,131533,47684,34483,36.2525,26.2162
21029,81069,29789,21720,36.7452,26.792
21037,93152,36992,23003,39.7114,24.694
21047,71671,26114,18138,36.4359,25.3073
21059,101104,39590,27174,39.1577,26.8773
22045,70941,25386,16865,35.7847,23.7733
22051,434051,167596,105501,38.6121,24.3061
22055,242782,94002,59081,38.7187,24.335
36019,80695,31392,20558,38.902,25.4762
36027,293718,108071,71635,36.7941,24.389
36029,919719,390341,230402,42.4413,25.0513
36045,111755,44657,27993,39.9597,25.0485
36047,2582830,969317,591462,37.5293,22.8998
36051,63227,23746,15133,37.5567,23.9344
22057,98115,35838,23348,36.5265,23.7966
22063,139567,49084,35951,35.1688,25.759
22071,391006,155104,68103,39.6679,17.4174
22073,154475,55599,34490,35.9922,22.3272
22079,130562,48915,32751,37.465,25.0846
36075,117898,46270,29546,39.2458,25.0606
36079,98892,35425,27274,35.8219,27.5796
36081,2278906,788110,539742,34.5828,23.6843
36083,159442,64614,40079,40.5251,25.137
36085,476179,167441,118442,35.1635,24.8734
36087,325695,99502,74783,30.5507,22.9611
36089,108047,41680,25979,38.5758,24.0442
36091,230163,94156,60841,40.9084,26.4339
36093,155350,55262,31289,35.5726,20.141
36101,95796,40578,25411,42.3588,26.5262
36103,1481093,496784,360416,33.5417,24.3345
36105,75498,28900,17487,38.2792,23.1622
36109,102793,40250,20642,39.1564,20.0811
36111,178599,69154,42744,38.7203,23.9329
36113,64265,28007,17052,43.5805,26.5339
36117,90064,35927,24444,39.8905,27.1407
36119,967612,352498,238521,36.4297,24.6505
39049,1310300,519468,301328,39.645,22.9969
42079,317646,128301,80556,40.3912,25.3603
42081,113664,44585,29131,39.2253,25.629
42085,110683,46809,29050,42.291,26.2461
42089,169507,55109,38090,32.5113,22.471
42091,828604,313336,217738,37.8149,26.2777
42095,304807,114996,77576,37.7275,25.4509
29051,76796,29593,19670,38.5346,25.6133
48257,128622,39049,30719,30.3595,23.8832
13073,154291,47167,35005,30.5702,22.6876
13077,145864,52114,37623,35.7278,25.7932
13089,756558,287001,165666,37.9351,21.8973
31153,184459,66273,45555,35.9283,24.6965
32003,2231647,808605,507341,36.2336,22.7339
32031,465735,185709,110715,39.8744,23.7721
33005,76493,30208,16932,39.4912,22.1354
33009,89786,35394,21676,39.4204,24.1418
33011,415247,161649,104043,38.9284,25.0557
41005,416075,158749,112337,38.1539,26.9992
41017,191996,79950,51474,41.6415,26.8099
41019,110283,45647,29874,41.3908,27.0885
41029,219564,89787,57462,40.8933,26.171
41033,87393,37059,23893,42.405,27.3397
41035,67653,26798,16551,39.611,24.4645
41039,379611,156072,91178,41.1137,24.0188
41043,127335,48464,33226,38.0602,26.0934
41047,346868,119511,81647,34.4543,23.5383
51161,94073,38061,25320,40.459,26.9153
51165,81244,31462,22397,38.7253,27.5676
51177,134238,45223,35096,33.6887,26.1446
41051,811880,330223,175694,40.6739,21.6404
41053,85234,31218,21756,36.6262,25.525
41059,77516,26048,17297,33.6034,22.3141
41067,597695,225955,149665,37.8044,25.0404
41071,107002,37235,24476,34.7984,22.8743
42001,102811,39570,27421,38.4881,26.6713
42003,1218452,543369,303257,44.595,24.8887
42005,65263,27332,17972,41.8798,27.5378
42007,164742,73059,45627,44.3475,27.696
42011,420152,157006,108057,37.3689,25.7185
42013,122492,51096,32833,41.7137,26.8042
42017,628195,239962,171229,38.1987,27.2573
42019,187888,77764,51885,41.3885,27.6149
42021,131730,56483,35505,42.8779,26.9529
42025,64227,25177,17193,39.2,26.7691
42027,162805,58514,32350,35.9412,19.8704
42029,522046,192746,138582,36.9213,26.5459
42033,79388,31992,20941,40.2983,26.378
42037,65456,26655,14947,40.722,22.8352
42039,85063,34386,21985,40.4242,25.8456
42041,251423,102243,63498,40.6657,25.2554
42043,277097,112559,69919,40.6208,25.2327
42045,564751,207499,139055,36.7417,24.6224
42049,272061,109797,68334,40.3575,25.1172
42051,130441,56085,37447,42.9965,28.708
42055,154835,59834,43935,38.6437,28.3754
42063,84501,33098,21675,39.1688,25.6506
42069,210793,88268,53538,41.8743,25.3984
42071,543557,202490,140049,37.2528,25.7653
42073,86184,37497,24528,43.5081,28.46
42075,141314,54522,38309,38.5822,27.1091
42077,368100,138586,90549,37.649,24.599
47165,187149,68439,49307,36.5693,26.3464
47179,128607,54433,34181,42.3251,26.5779
47187,231729,80601,63944,34.7824,27.5943
47189,140625,52489,38241,37.3255,27.1936
48005,87092,29898,21615,34.3292,24.8186
48021,86976,25334,18858,29.1276,21.6818
48027,355642,123188,83783,34.6382,23.5582
48029,1986049,644193,411518,32.4359,20.7204
48037,94324,35228,23551,37.3479,24.9682
48039,370200,120802,86582,32.6315,23.3879
48041,226758,81030,42273,35.7341,18.6423
1003,218022,83501,55354,38.2993,25.3892
5145,78727,29577,20733,37.5691,26.3353
6001,1666753,575410,381320,34.5228,22.878
6007,231256,88636,51467,38.3281,22.2554
6013,1150215,396133,285418,34.4399,24.8143
6017,190678,72774,49875,38.1659,26.1567
6019,994400,309519,220824,31.1262,22.2068
6023,136373,55773,29581,40.8974,21.6912
6025,181827,41764,30792,22.9691,16.9348
6029,896764,273167,201894,30.4614,22.5136
6031,151366,43727,33774,28.8883,22.3128
6033,64382,26774,16035,41.5862,24.906
6037,10105518,3313908,2193349,32.7931,21.7045
6039,157672,44484,33834,28.213,21.4585
6041,259666,104954,67597,40.4188,26.0323
6045,87606,33794,21433,38.575,24.4652
6047,274765,79487,57977,28.9291,21.1006
6053,435594,126299,92949,28.9947,21.3384
6055,139417,47315,33064,33.9378,23.7159
6057,99696,41447,25779,41.5734,25.8576
6059,3185968,1040394,735186,32.6555,23.0758
6061,393149,144691,99968,36.8031,25.4275
6065,2450758,728103,524194,29.7093,21.3891
51179,149960,48418,39246,32.2873,26.171
51199,67846,24996,16763,36.8423,24.7074
51510,160530,71740,35480,44.6895,22.1018
51550,242634,86122,63748,35.4946,26.2733
51650,134313,54800,31422,40.8002,23.3946
51680,82126,28500,14511,34.7028,17.6692
51700,178626,71291,41824,39.9108,23.4143
51710,244076,89338,51345,36.6025,21.0365
51740,94632,34578,19958,36.5394,21.0901
51760,228783,91359,40477,39.9326,17.6923
51770,99920,41353,22638,41.3861,22.6561
51800,91185,34890,24434,38.2629,26.7961
51810,450189,172183,116678,38.2468,25.9176
53005,201877,71921,48936,35.6261,24.2405
53007,77036,31587,20322,41.0029,26.3799
53009,76737,33265,21564,43.3494,28.1012
53011,481857,178980,124605,37.1438,25.8593
53015,108987,43279,28076,39.7102,25.7609
53021,94347,27067,21365,28.6888,22.6451
53025,97331,30806,21332,31.6508,21.917
53027,73901,27674,17388,37.4474,23.5288
53029,84460,34572,24156,40.933,28.6005
53033,2233163,897476,536144,40.1886,24.0083
53035,269805,105411,70776,39.0693,26.2323
53041,79604,30327,20221,38.0973,25.402
53045,65507,25864,15168,39.4828,23.1548
48099,74808,21491,14496,28.7282,19.3776
48113,2637772,937438,601367,35.539,22.7983
48121,859064,297899,212406,34.6772,24.7253
48135,162124,54326,38983,33.5089,24.0452
51095,76397,29849,21705,39.0709,28.4108
51107,406850,133417,103064,32.7927,25.3322
51121,98985,34585,17953,34.9396,18.1371
51153,468011,143861,110771,30.7388,23.6685
55027,87847,35221,23524,40.0936,26.7784
55035,104534,40421,22752,38.6678,21.7652
55039,103066,41009,26010,39.7891,25.2363
55055,85129,33180,22536,38.9761,26.4728
55059,169290,62950,41835,37.1847,24.712
9013,150921,55619,35882,36.8531,23.7754
9015,117027,44571,29594,38.0861,25.2882
10001,178550,67841,44907,37.9955,25.1509
10003,559335,206351,131524,36.8922,23.5144
10005,229286,93479,61968,40.7696,27.0265
24001,70975,27190,16619,38.3093,23.4153
24003,576031,212687,145626,36.9228,25.2809
24005,828431,313259,203785,37.8135,24.5989
24009,92003,32145,24267,34.9391,26.3763
24013,168429,60371,46205,35.8436,27.4329
24015,102826,36620,25567,35.6136,24.8643
11001,702455,287476,121529,40.9245,17.3006
12001,269956,97782,49488,36.2215,18.3319
12005,185287,73856,49233,39.8603,26.5712
12009,596849,226363,140955,37.9263,23.6165
12011,1951260,694980,439980,35.617,22.5485
12015,184998,74975,47734,40.5275,25.8024
12017,147929,62293,36112,42.1101,24.4117
12019,216072,75958,58071,35.154,26.8758
12021,378488,144172,97654,38.0916,25.8011
12023,70503,25678,15657,36.4211,22.2076
12031,950181,367238,229923,38.6493,24.1978
12033,315534,118820,70583,37.6568,22.3694
12035,112067,41274,29721,36.8298,26.5207
12053,190865,76163,52370,39.9041,27.4382
12055,105424,40573,27635,38.4855,26.2132
12057,1436888,540142,342998,37.5911,23.8709
12061,157413,57636,34563,36.6145,21.9569
12069,356495,136366,94847,38.2519,26.6054
49045,69907,20411,15962,29.1974,22.8332
49049,622213,171117,140373,27.5014,22.5603
49053,171700,59863,44128,34.8649,25.7006
49057,256359,85615,63224,33.3965,24.6623
50007,164572,66095,37668,40.1618,22.8885
51003,108718,41956,26631,38.5916,24.4955
51013,237521,109940,51898,46.2864,21.8499
51015,75457,29783,20628,39.4702,27.3374
51019,78747,31271,21765,39.7107,27.6391
51041,348556,126748,93676,36.3637,26.8755
51059,1150795,396628,284876,34.4656,24.7547
51061,70675,25134,18279,35.5628,25.8635
51069,88355,31551,23773,35.7094,26.9062
51085,107239,39929,29717,37.2337,27.711
51087,329261,129408,81503,39.3026,24.7533
12113,179349,63891,50566,35.6238,28.1942
12115,426718,183721,112078,43.0544,26.2651
12117,467832,179274,121209,38.3202,25.9087
12119,128754,62854,40081,48.8171,31.1299
12127,547538,218423,131946,39.8918,24.0981
12131,71375,28770,19893,40.3082,27.8711
13013,80809,27525,21369,34.0618,26.4438
13015,106408,35506,26858,33.3678,25.2406
17161,143477,61009,37658,42.5218,26.2467
17163,261059,104803,62855,40.1453,24.0769
17167,195348,83006,50266,42.4913,25.7315
17179,132328,54123,36209,40.9006,27.3631
17183,76806,30166,18856,39.2756,24.5502
17197,692310,231647,175294,33.46,25.3202
17199,67056,27815,16751,41.4803,24.9806
17201,284081,114337,74514,40.248,26.2298
18003,375351,147638,96270,39.3333,25.648
18005,82753,31891,20485,38.5376,24.7544
18011,66999,24808,19702,37.0274,29.4064
18019,117360,45905,30544,39.1147,26.0259
18035,114772,45311,26313,39.4791,22.9263
18039,205560,73660,53807,35.8338,26.1758
22097,82764,29965,20018,36.2054,24.1868
22103,258111,93589,67922,36.2592,26.315
22105,133777,47401,29605,35.4328,22.1301
36053,70795,26127,17590,36.9051,24.8464
36055,742474,301668,180738,40.6301,24.3427
36059,1358343,447123,340833,32.9168,25.0918
36061,1628701,752258,319832,46.1876,19.6372
36063,210433,89765,55135,42.6573,26.2007
36065,229577,88871,56426,38.7108,24.5782
36067,461809,185046,115176,40.0698,24.9402
36069,109864,44079,27228,40.1214,24.7834
36071,381951,128259,90988,33.58,23.8219
42097,91083,38816,24812,42.6161,27.2411
42101,1584138,608233,325909,38.3952,20.5733
42107,142067,58458,36189,41.1482,25.4732
42111,73952,28796,20003,38.9388,27.0486
42125,207346,85835,54054,41.397,26.0695
42129,350611,150368,97065,42.8874,27.6845
42133,448273,173958,120331,38.8063,26.8432
44003,163861,69115,42333,42.179,25.8347
44005,82542,34316,20562,41.574,24.911
44007,636084,237038,138683,37.2652,21.8026
44009,126179,47680,33596,37.7876,26.6257
45003,169401,68609,44856,40.5009,26.4792
45007,200482,78500,52409,39.1556,26.1415
45013,188715,74679,52507,39.5724,27.8234
45015,221091,78168,55010,35.3556,24.8812
45019,405905,160457,93097,39.5307,22.9357
45031,66802,25308,15322,37.8851,22.9364
45035,160647,55799,39863,34.7339,24.814
45041,138159,50518,34199,36.5651,24.7534
45045,514213,192556,124883,37.4467,24.2862
45047,70741,27962,18700,39.5273,26.4345
45051,344147,131180,81977,38.1174,23.8203
45055,65592,24756,17157,37.7424,26.1572
45057,95380,35710,26981,37.4397,28.2879
45059,66994,25423,17551,37.9482,26.1979
45063,295032,115566,76627,39.1707,25.9724
45073,78374,31612,19747,40.3348,25.1959
45075,86934,33561,20665,38.6051,23.7709
45077,124937,48185,28804,38.5674,23.0548
45079,414576,152227,92710,36.7187,22.3626
45083,313888,116018,80444,36.9616,25.6283
45085,106512,40396,28662,37.9262,26.9096
45091,274118,100623,67642,36.7079,24.6762
46099,192876,76630,47106,39.7302,24.4229
46103,111729,44794,27749,40.0917,24.836
47001,76482,29505,18778,38.5777,24.5522
47009,131349,51446,38384,39.1674,29.2229
47011,106727,39104,26252,36.6393,24.5973
47037,692587,283445,159825,40.9255,23.0765
47059,69087,27316,19095,39.5386,27.6391
47065,364286,146057,91666,40.094,25.1632
47093,465289,185416,115889,39.8496,24.9069
47113,97605,39223,24957,40.1854,25.5694
47119,94340,34361,24730,36.4225,26.2137
47125,205950,72973,52385,35.4324,25.4358
47141,78843,33388,21230,42.3475,26.9269
47147,71012,26375,21004,37.1416,29.5781
47149,324890,115376,79776,35.5123,24.5548
47155,97892,36861,25822,37.6548,26.378
47157,935764,352648,214219,37.6856,22.8924
47163,157668,64504,39586,40.9113,25.1072
1015,114277,44264,30110,38.734,26.3483
1043,83442,30323,21587,36.3402,25.8707
1049,71385,26462,19148,37.0694,26.8236
1051,81887,30155,22103,36.8251,26.9921
1055,102501,38625,26319,37.6826,25.6768
1069,104722,38861,25002,37.1087,23.8746
1073,659300,255940,159115,38.82,24.1339
1077,92387,38670,27140,41.8565,29.3764
1081,163941,59336,37314,36.1935,22.7606
1083,96174,32333,23006,33.6193,23.9212
1089,366519,152723,97542,41.6685,26.6131
1095,96109,36022,24111,37.4804,25.0871
1097,413757,158627,100153,38.3382,24.2058
1101,225763,87553,54249,38.7809,24.0292
1103,119089,45851,32627,38.5015,27.3972
1115,88690,30765,22372,34.6882,25.2249
5045,124806,43701,27357,35.0151,21.9196
5051,99154,40407,27143,40.7518,27.3746
5069,68114,25689,14864,37.7147,21.8222
5085,73657,28132,20157,38.1932,27.366
5119,392680,157678,97688,40.1543,24.8773
5125,121421,43496,32652,35.8225,26.8916
5131,127753,51739,34503,40.4992,27.0076
5143,236961,90001,58171,37.9814,24.5488
12071,754610,281222,180020,37.2672,23.856
12073,292502,113390,61334,38.7655,20.9687
12081,394855,150814,99502,38.1948,25.1996
12083,359977,143441,93029,39.8473,25.843
12085,160912,63070,38310,39.1953,23.808
12086,2761581,895801,622526,32.438,22.5424
12087,75027,31362,18944,41.801,25.2496
12089,85832,32624,23407,38.0091,27.2707
12091,207269,79570,51819,38.3897,25.0008
12095,1380645,458157,298508,33.1843,21.6209
12097,367990,102705,72198,27.9097,19.6196
12099,1485941,552286,337212,37.1674,22.6935
12101,539630,205128,131802,38.0127,24.4245
12103,975280,405892,221744,41.618,22.7364
12105,708009,241171,166438,34.0633,23.5079
12107,74163,27927,17301,37.6562,23.3283
12109,254261,90109,63627,35.4396,25.0243
12111,321128,118768,81576,36.9846,25.403
72127,320967,147267,83520,45.8823,26.0214
72135,71094,21511,16232,30.2571,22.8317
72137,74623,26085,18440,34.9557,24.7109
72139,63746,23195,16876,36.3866,26.4738
48347,65711,23442,14717,35.6744,22.3966
48355,362265,129987,87889,35.8817,24.261
48361,83572,30047,20284,35.9534,24.2713
48367,138371,46238,34321,33.416,24.8036
48375,119648,45550,28561,38.07,23.8709
48381,136271,49457,34152,36.2931,25.0618
48397,100657,34590,29363,34.3642,29.1713
48409,66893,22202,16235,33.1903,24.2701
48423,230221,77330,54682,33.5895,23.752
48439,2084931,722473,502918,34.6521,24.1216
48441,137640,49811,32688,36.1893,23.7489
48451,118189,43301,28326,36.6371,23.9667
48453,1248743,486548,281467,38.963,22.54
48469,92035,31918,21814,34.6803,23.7019
48471,72480,22693,13354,31.3093,18.4244
48479,275910,75300,59208,27.2915,21.4592
48485,132064,46757,30563,35.4048,23.1426
48491,566719,185345,135729,32.7049,23.95
13127,85219,34634,23068,40.6412,27.0691
13135,927781,297658,223536,32.0828,24.0936
13139,202148,64990,47579,32.1497,23.5367
13151,230220,75926,59142,32.9798,25.6893
13153,155469,58155,38986,37.4062,25.0764
48291,86323,27468,18066,31.82,20.9284
48303,307412,115686,71198,37.6322,23.1604
48309,254607,92158,60708,36.1962,23.8438
48329,172578,57636,38617,33.3971,22.3765
48339,590925,202797,147327,34.3186,24.9316
13157,70422,23640,19138,33.5691,27.1762
13185,116321,41734,23712,35.8783,20.385
13215,194160,72862,43324,37.5268,22.3136
13217,109541,38436,27727,35.0882,25.312
13223,164044,53630,41506,32.6924,25.3017
13245,201554,70534,39598,34.9951,19.6463
13247,90594,31460,22818,34.7264,25.1871
13255,66100,25659,16956,38.8185,25.652
13285,70034,25417,17648,36.2924,25.1992
13295,69410,26895,18983,38.748,27.3491
13297,93503,32624,24593,34.8909,26.3018
13313,104062,36658,24907,35.2271,23.9348
15001,200983,71565,46712,35.6075,23.2418
15003,980080,308208,215379,31.4472,21.9757
15007,72133,22685,16333,31.4489,22.6429
15009,167218,52794,38425,31.572,22.979
16001,469966,178712,116638,38.0266,24.8184
16005,87138,30635,19895,35.1569,22.8316
16019,116854,40224,28661,34.4224,24.5272
16027,223499,74520,52768,33.3424,23.6099
16055,161505,64955,44826,40.2186,27.7552
16083,86081,32041,21908,37.2219,25.4504
55063,118230,47924,26812,40.5345,22.6778
55071,79074,35259,21201,44.5899,26.8116
55073,135428,56245,37425,41.5313,27.6346
55079,948201,384281,218292,40.5274,23.0217
55087,187365,74603,50437,39.8169,26.9191
55089,89147,36261,25444,40.6755,28.5416
55097,70942,29193,17499,41.1505,24.6666
55101,196584,76808,50339,39.0713,25.6069
37037,73139,28343,20178,38.7522,27.5886
37045,97645,34574,23916,35.4079,24.4928
37049,102912,40412,27544,39.2685,26.7646
37051,332330,127911,80255,38.4892,24.1492
37057,166614,68761,47046,41.2696,28.2365
37063,316739,127527,74670,40.2625,23.5746
37067,379099,150437,92137,39.6828,24.3042
37069,67560,26380,19248,39.0468,28.4902
37071,222846,84999,56260,38.1425,25.2461
37081,533670,209842,133620,39.3206,25.0379
37085,134214,46015,32968,34.2848,24.5638
37089,116748,49514,32138,42.411,27.5277
37097,178435,68328,50844,38.2929,28.4944
37101,202675,70001,51274,34.5385,25.2986
37109,83770,34233,24405,40.8655,29.1333
37119,1093901,418135,257010,38.2242,23.4948
37125,98682,40756,26079,41.3003,26.4273
37127,94016,37767,24960,40.1708,26.5487
37129,232274,98151,53225,42.2566,22.9147
37133,197683,66834,48917,33.8087,24.7452
37135,146027,53959,32935,36.9514,22.554
37147,179914,69288,38161,38.5117,21.2107
37151,143351,54783,38557,38.216,26.8969
37155,131831,46026,30683,34.9129,23.2745
37157,90690,37476,25147,41.3232,27.7285
37159,141262,53806,35893,38.0895,25.4088
37161,66826,26305,17833,39.3634,26.6857
37171,71948,29230,18984,40.6266,26.3857
37179,235908,77696,61323,32.9349,25.9945
37183,1092305,408473,271974,37.3955,24.8991
37191,123248,49019,32860,39.7727,26.6617
37193,68557,30123,19108,43.9386,27.8717
37195,81455,31817,18572,39.0608,22.8003
38015,95273,40736,25038,42.7571,26.2803
38017,181516,74343,41846,40.9567,23.0536
38035,70770,30916,17304,43.6852,24.451
38101,67744,27887,14737,41.1653,21.754
39003,102663,41204,25968,40.1352,25.2944
39007,97493,35445,22124,36.3565,22.6929
39009,65818,22533,11577,34.2353,17.5894
39013,67505,24742,14724,36.6521,21.8117
39017,382378,143040,94760,37.408,24.7818
39023,134585,55327,34548,41.1093,25.67
39025,205466,77920,51525,37.9235,25.0771
39029,102665,41884,26096,40.7968,25.4186
39035,1243857,542122,295330,43.584,23.7431
39041,204826,70501,53224,34.4199,25.985
39043,74615,31675,19697,42.4512,26.3982
39045,155782,55934,40227,35.9053,25.8226
39103,179146,70609,52471,39.4142,29.2895
39109,106222,41148,26294,38.7377,24.7538
39113,532331,224225,131352,42.1213,24.6749
39119,86183,34471,22554,39.9974,26.1699
39133,162927,60801,38898,37.3179,23.8745
39139,121099,48105,30700,39.7237,25.3512
39141,76931,29779,19678,38.7087,25.5788
39145,75502,28719,19352,38.0374,25.6311
39151,371574,152210,94986,40.9636,25.5631
39153,541918,226243,135033,41.7486,24.9176
39155,198627,83303,51155,41.9394,25.7543
39157,92176,36740,23757,39.8585,25.7735
39165,232173,83540,64821,35.9818,27.9193
39169,115967,43908,29166,37.8625,25.1503
39173,130696,50694,30674,38.7877,23.4697
40017,144447,45344,33681,31.3914,23.3172
40027,281669,110775,74314,39.3281,26.3834
40031,120422,42489,28582,35.2834,23.7349
40037,71604,26957,19555,37.6473,27.3099
40101,68362,26566,18393,38.8608,26.9053
40109,792582,302645,186085,38.1847,23.4783
40119,82040,30734,16198,37.4622,19.744
40125,72679,26714,18842,36.7561,25.925
40131,91984,35254,26043,38.3262,28.3125
29071,103670,40387,27834,38.9573,26.8487
29077,291923,128691,72929,44.0839,24.9823
29095,700307,288752,170337,41.2322,24.3232
29097,120636,47846,31070,39.6615,25.7552
29099,224347,85892,60625,38.2853,27.0229
29165,102985,40086,26487,38.9241,25.7193
29183,399182,149951,104615,37.5646,26.2073
29187,66692,25670,16935,38.4904,25.3929
29189,996945,408117,261684,40.9368,26.2486
29510,302838,144295,63899,47.6476,21.1001
30013,81643,35558,22216,43.553,27.2112
30029,102106,38372,24783,37.5806,24.2718
30031,111876,44423,25853,39.7074,23.1086
30049,68700,27842,16679,40.5269,24.278
30063,118791,50401,30045,42.4283,25.2923
13095,91243,33717,19901,36.953,21.811
13097,145331,49534,35995,34.0836,24.7676
13113,113459,39366,30120,34.6962,26.547
13115,97927,34672,24361,35.406,24.8767
13117,236612,81353,65991,34.3825,27.89
13121,1050114,417157,230448,39.7249,21.945
17001,65691,26397,17655,40.1836,26.8758
17019,209983,84290,42528,40.1413,20.2531
17031,5180493,1981796,1181463,38.255,22.806
17037,104143,38849,21298,37.3035,20.4507
17043,928589,345714,244235,37.23,26.3017
17089,534216,183633,136596,34.3743,25.5694
17091,110024,40642,26634,36.9392,24.2074
17093,127915,40716,32362,31.8305,25.2996
17097,700832,246620,178902,35.1896,25.5271
17099,109430,44714,28804,40.8608,26.3218
17111,308570,114544,87366,37.1209,28.3132
17113,172828,65998,39649,38.1871,22.9413
17115,104712,44562,27761,42.5567,26.5118
17119,264461,108977,72691,41.2072,27.4865
17143,180621,71506,42810,39.589,23.7016
1117,215707,80944,55341,37.525,25.6556
1121,79828,31219,21701,39.1078,27.1847
1125,208911,74053,48006,35.4472,22.9792
1127,63711,24870,16729,39.0356,26.2576
2020,291538,105285,69667,36.1136,23.8964
2090,98971,36378,24187,36.7562,24.4385
2170,107610,32198,22647,29.921,21.0454
4001,71818,21936,13927,30.5439,19.3921
4003,126770,49751,31105,39.2451,24.5366
4005,142854,47275,29827,33.0932,20.8794
4013,4410824,1582464,1043279,35.8768,23.6527
4015,209550,90270,56545,43.078,26.984
4017,110445,34285,22926,31.0426,20.7578
4019,1039073,402323,246052,38.7194,23.68
4021,447138,147936,109641,33.0851,24.5206
4025,231993,100836,60140,43.4651,25.9232
4027,212128,74532,57564,35.1354,27.1364
5007,272608,100128,72344,36.7297,26.5377
5031,108558,42631,26748,39.2703,24.6394
21067,323780,131067,75825,40.4803,23.4187
21093,110356,41625,29677,37.7188,26.8921
21111,770517,311263,186545,40.3966,24.2104
21117,166051,64611,40085,38.9103,24.1402
21145,65346,27650,16899,42.3132,25.8608
21151,92368,33396,22411,36.1554,24.2627
21185,66470,21237,17568,31.9498,26.43
21227,131264,48843,30497,37.2097,23.2333
22005,124672,45102,34957,36.1765,28.0392
22015,127185,50099,31921,39.3907,25.0981
22017,242922,94778,57904,39.0158,23.8365
22019,203112,78351,50083,38.5753,24.6578
55105,163129,64632,40744,39.6202,24.9766
55109,89694,34422,24646,38.3771,27.4779
55117,115456,46308,29351,40.1088,25.4218
36005,1432132,507370,323214,35.4276,22.5687
36007,191659,75539,44761,39.4132,23.3545
36009,76840,32079,21167,41.7478,27.5469
36011,77145,30083,18400,38.9954,23.8512
36013,127939,53429,31831,41.7613,24.8798
36015,84254,34325,20837,40.7399,24.7312
37001,166436,64700,40499,38.8738,24.3331
37019,136744,56752,38908,41.5024,28.4532
37021,259103,108411,62390,41.8409,24.0792
37023,90382,36157,23863,40.0046,26.4024
37025,211342,73751,54401,34.8965,25.7407
37027,82029,31544,22449,38.4547,27.3672
37031,69524,28720,18202,41.3095,26.1809
37035,158652,62861,43671,39.6219,27.5263
22109,111021,37911,26511,34.1476,23.8793
23001,107679,44897,26533,41.6952,24.6408
23003,67111,29931,17603,44.5992,26.2297
23005,293557,123485,72142,42.0651,24.5751
23011,122083,54299,31105,44.4771,25.4786
23019,151096,61765,36788,40.878,24.3474
23031,206229,88416,54432,42.8727,26.394
30111,160137,66805,40412,41.7174,25.2359
31055,566880,220858,134887,38.9603,23.7946
31109,317272,125917,73258,39.6874,23.09
33013,151132,58521,38014,38.7218,25.1528
33015,309176,119467,82901,38.6404,26.8135
33017,130090,48393,29606,37.1996,22.7581
34001,265429,96981,64492,36.5375,24.2973
34003,936692,339953,243393,36.2929,25.9843
34005,445384,166698,115839,37.4279,26.0088
34007,507078,188840,122775,37.2408,24.2123
34009,92560,39208,25773,42.3596,27.8446
34011,150972,50034,34428,33.1412,22.8042
34013,799767,289921,189597,36.2507,23.7065
34015,291408,101414,69496,34.8014,23.8484
34017,676061,263924,158957,39.0385,23.5122
34019,124714,47733,35139,38.274,28.1757
34021,369811,132980,89807,35.9589,24.2846
34023,829685,285480,207900,34.4082,25.0577
34025,621354,236327,163558,38.0342,26.3228
34027,494228,181738,127292,36.7721,25.7557
34029,601651,228622,150140,37.9991,24.9547
34031,503310,169521,125204,33.6812,24.8761
34033,62607,23952,16345,38.2577,26.1073
34035,331164,118729,88135,35.852,26.6137
34037,140799,53749,38434,38.1743,27.2971
34039,558067,192021,137761,34.4082,24.6854
34041,105779,41742,27171,39.4615,25.6866
35001,678701,270655,159729,39.8784,23.5345
35005,64689,22616,15991,34.9611,24.7198
35013,217522,80409,52763,36.9659,24.2564
35025,69611,23215,16252,33.3496,23.3469
35031,72290,21449,14809,29.6708,20.4855
35035,66781,23747,13748,35.5595,20.5867
35043,145179,53996,36841,37.1927,25.3763
35045,125043,43707,29548,34.9536,23.6303
35049,150056,62707,36488,41.7891,24.3163
35061,76456,28379,18194,37.1181,23.7967
36001,307117,126578,72332,41.2149,23.5519
27163,259201,96387,68219,37.1862,26.319
27171,136349,48863,35755,35.8367,26.2231
28033,182001,63075,45993,34.6564,25.2707
28035,75036,27248,14427,36.3132,19.2268
28047,206650,82375,52963,39.8621,25.6293
28049,237085,85483,52610,36.0558,22.1904
28059,143277,51659,33753,36.0553,23.5579
28067,68461,25098,17400,36.6603,25.4159
28075,75317,29993,18858,39.8223,25.0382
28081,85202,32527,22217,38.1763,26.0757
28089,105630,40229,29030,38.0848,27.4827
28121,153902,55483,38785,36.0509,25.2011
29019,180005,72217,39505,40.1194,21.9466
29021,88571,33621,20116,37.9594,22.7117
29031,78753,28675,18641,36.4113,23.6702
29037,104954,40197,29713,38.2996,28.3105
29043,86983,31421,22064,36.1231,25.3659
29047,246365,91901,60259,37.3028,24.4592
48497,68305,22864,17357,33.4734,25.411
49005,127068,39224,29646,30.8685,23.3308
49011,351713,104462,83092,29.7009,23.6249
49035,1152633,381831,265179,33.1269,23.0064
6113,220408,74428,46437,33.7683,21.0687
6115,78041,26191,17889,33.5606,22.9226
8001,511868,168361,118115,32.8915,23.0753
8005,651215,242141,158118,37.183,24.2805
8013,326078,128295,74769,39.3449,22.9298
8014,69267,28530,18556,41.1884,26.7891
8031,716492,310324,145101,43.3116,20.2516
8035,342776,125035,95944,36.4772,27.9903
8041,713856,260851,176041,36.5411,24.6606
8059,580233,233272,148258,40.2032,25.5515
8069,350518,139382,85701,39.7646,24.4498
8077,153207,61848,37310,40.3689,24.3527
8101,167529,64954,41603,38.7718,24.8333
8123,314305,107929,77930,34.3389,24.7944
9001,943823,345634,237407,36.6206,25.1538
39055,94031,35387,25274,37.6333,26.8784
39057,167995,66053,43123,39.3184,25.6692
9011,266784,108098,69117,40.5189,25.9075
22033,440956,163274,95154,37.0273,21.579
24017,161503,56947,41483,35.2606,25.6856
24021,255648,95903,66920,37.5137,26.1766
24025,253956,94802,67774,37.3301,26.6873
24027,323196,116903,86143,36.1709,26.6535
24031,1052567,368334,257291,34.9939,24.4441
24033,909308,315759,206154,34.7252,22.6715
24037,112664,41239,28173,36.6035,25.0062
24043,150926,56306,37072,37.307,24.563
24045,103195,38084,24972,36.9049,24.1988
24510,602495,237204,117955,39.3703,19.5778
25001,213413,86671,54040,40.6119,25.3218
25003,126348,55212,31618,43.6984,25.0245
25005,564022,215132,141303,38.1425,25.0527
25009,790638,295481,198593,37.3725,25.1181
25011,70963,30391,17645,42.8265,24.8651
25013,470406,178678,113359,37.9838,24.0981
25015,161355,58902,34059,36.5046,21.1081
25017,1614714,612224,385308,37.9153,23.8623
25021,705388,267880,174936,37.9763,24.8
25023,518132,189304,131226,36.5359,25.3267
25025,807252,315049,153541,39.0273,19.0202
25027,830839,308831,202026,37.171,24.3159
26005,117327,43992,32703,37.4952,27.8734
26017,103923,44469,29075,42.7903,27.9774
26021,154141,64783,42226,42.0284,27.3944
26025,134487,53914,33082,40.0886,24.5987
26037,79332,29783,20746,37.5422,26.1509
26045,109826,44879,29437,40.8637,26.8033
26049,406892,169469,104915,41.6496,25.7845
26055,92573,36782,22866,39.733,24.7005
26065,292735,112170,61958,38.3179,21.1652
26073,70562,25367,14589,35.9499,20.6754
26075,158823,62598,39406,39.4137,24.8113
26077,264870,104234,61117,39.3529,23.0743
26081,653786,244046,163120,37.3281,24.9501
26087,88028,33560,23556,38.1242,26.7597
26091,98266,38388,25874,39.0654,26.3306
26093,191224,72676,54151,38.0057,28.3181
26103,66516,26328,15842,39.5815,23.8168
26111,83209,34091,22495,40.9703,27.0343
26115,150439,61586,42079,40.9375,27.9708
26121,173588,67196,44746,38.71,25.7771
26125,1259201,503645,317128,39.9972,25.1849
26139,290494,103438,74706,35.6076,25.7169
26145,190800,78740,50638,41.2683,26.5398
26147,159337,65751,43184,41.2654,27.1023
26155,68192,28218,19116,41.3802,28.0326
26159,75448,28607,20700,37.9162,27.4361
26161,370963,143072,82598,38.5677,22.2658
55127,103718,40864,26923,39.3991,25.9579
55131,135693,55488,38313,40.8923,28.2351
55133,403072,158368,110134,39.2903,27.3237
55139,171020,71332,41338,41.7097,24.1714
55141,73055,32274,19775,44.1777,27.0686
56021,98976,39678,25836,40.0885,26.1033
56025,79115,32240,20266,40.7508,25.6159
72013,82114,30206,20820,36.7854,25.355
72021,170480,64932,43141,38.0878,25.3056
72025,124434,47374,31241,38.0716,25.1065
72031,147661,61313,40612,41.5228,27.5035
72061,83787,27857,17947,33.2474,21.4198
72097,71986,30909,16748,42.9375,23.2656
72113,133191,53450,34737,40.1303,26.0806
6085,1937570,645108,461799,33.2947,23.8339
6087,274255,94994,62397,34.6371,22.7515
6089,180040,68198,45982,37.8794,25.5399
6095,446610,152291,108587,34.0993,24.3136
6097,499942,187434,118022,37.4911,23.6071
6099,549815,175171,128261,31.86,23.328
6101,96807,31989,23427,33.0441,24.1997
6107,465861,139197,103190,29.8795,22.1504
6111,850967,271980,194306,31.9613,22.8336
26099,874759,347508,227394,39.7261,25.995
26163,1753893,687546,408205,39.2011,23.2742
27003,353813,128140,90726,36.2169,25.6424
27013,67427,26362,16209,39.0971,24.0393
27019,103551,36925,27536,35.6588,26.5917
27037,425423,162496,113191,38.1963,26.6067
27053,1259428,508964,292301,40.4123,23.209
27109,156277,63462,39793,40.6087,25.4631
27123,550210,209287,118943,38.0377,21.6177
27131,66523,23358,14748,35.1127,22.1698
27137,199754,84370,47595,42.2369,23.8268
27139,147381,50040,39923,33.9528,27.0883
27141,96036,32033,23539,33.3552,24.5106
27145,159256,58510,38320,36.7396,24.0619
13021,153095,57905,34437,37.8229,22.4939
13031,77296,27097,16167,35.0561,20.9157
13045,118121,41197,29111,34.8769,24.6451
13047,67420,24722,17070,36.6686,25.3189
13051,289195,107921,64383,37.3177,22.2628
13057,254149,89974,68899,35.4021,27.1097
13059,127330,49698,26138,39.0309,20.5278
13063,289615,96286,64911,33.2462,22.4129
13067,756865,283094,191753,37.4035,25.3352
48139,179436,58633,46089,32.6763,25.6855
48141,840758,270160,190227,32.1329,22.6257
48157,787858,245410,199146,31.149,25.2769
48167,337890,121976,82957,36.0993,24.5515
48181,133991,48963,31837,36.542,23.7606
48183,123707,45513,29512,36.791,23.8564
48187,163694,54789,41568,33.4704,25.3937
48201,4698619,1600357,1102826,34.0602,23.4713
48203,66726,22928,15766,34.3614,23.628
48209,222631,75164,48342,33.7617,21.714
48213,82299,30843,20780,37.4768,25.2494
48215,865939,237323,190170,27.4064,21.9611
48231,96493,34132,23519,35.3725,24.3738
48245,255001,90839,58949,35.623,23.1172
48251,171361,59180,44857,34.5353,26.1769
9003,892697,348049,223589,38.9885,25.0465
9005,181111,73598,46847,40.637,25.8665
9007,162682,66983,41772,41.1742,25.6771
9009,857620,335539,207727,39.1244,24.2213
