Total,One or more types of computing devices,Desktop/laptop,Only Desktop/laptop,Smartphone,Only Smartphone,Tablet/portable,Only Tablet/portable,Other computing device,Only other,No computer,id,Geographic Area Name
83501,77443,62729,4403,70185,9358,53266,1100,1184,0,6058,1003,"Baldwin County, Alabama"
44264,38768,30768,3054,32921,3865,25422,1164,1225,82,5496,1015,"Calhoun County, Alabama"
30323,26269,19117,654,24088,3948,17024,689,447,48,4054,1043,"Cullman County, Alabama"
26462,22675,15879,1440,20442,4172,13094,306,250,0,3787,1049,"DeKalb County, Alabama"
30155,26120,21528,599,24958,2809,19449,313,717,0,4035,1051,"Elmore County, Alabama"
38625,34041,23824,1682,30802,6626,18929,403,673,171,4584,1055,"Etowah County, Alabama"
38861,31815,24932,3843,27072,4870,18327,344,720,22,7046,1069,"Houston County, Alabama"
255940,228104,182830,7648,211652,27675,148073,2633,4549,0,27836,1073,"Jefferson County, Alabama"
38670,33173,26145,2465,29423,4884,19788,594,946,0,5497,1077,"Lauderdale County, Alabama"
59336,54953,46742,1720,52100,3724,40170,457,1500,0,4383,1081,"Lee County, Alabama"
32333,29448,24010,997,26811,2369,22155,321,996,0,2885,1083,"Limestone County, Alabama"
152723,142330,123026,5721,132790,10673,97662,1567,3493,0,10393,1089,"Madison County, Alabama"
36022,31983,23158,1282,29609,6274,19446,251,565,0,4039,1095,"Marshall County, Alabama"
158627,139806,98921,5796,129208,30024,74175,1777,2040,0,18821,1097,"Mobile County, Alabama"
87553,77480,57320,2629,71689,13054,51892,1114,1901,29,10073,1101,"Montgomery County, Alabama"
45851,39562,33452,2728,36028,3880,26860,243,1453,0,6289,1103,"Morgan County, Alabama"
30765,27064,22292,2325,23331,1724,19586,358,408,0,3701,1115,"St. Clair County, Alabama"
80944,77041,65403,1715,73297,6998,58702,444,3310,0,3903,1117,"Shelby County, Alabama"
31219,26614,20191,1601,24141,3832,17586,361,298,0,4605,1121,"Talladega County, Alabama"
74053,66782,51504,2904,62290,10249,41261,794,2049,0,7271,1125,"Tuscaloosa County, Alabama"
24870,20611,14556,1057,19077,4079,12026,202,684,0,4259,1127,"Walker County, Alabama"
105285,102774,88842,2062,98712,9389,74593,478,5720,0,2511,2020,"Anchorage Municipality, Alaska"
36378,35386,30985,1717,32903,2706,24828,306,1528,0,992,2090,"Fairbanks North Star Borough, Alaska"
32198,30574,26787,1551,28389,2543,21397,100,889,0,1624,2170,"Matanuska-Susitna Borough, Alaska"
21936,11613,8410,962,9774,2190,6274,350,552,0,10323,4001,"Apache County, Arizona"
49751,44638,39402,2766,39741,3251,28502,646,786,16,5113,4003,"Cochise County, Arizona"
47275,44044,37624,2278,41047,4294,28621,49,859,0,3231,4005,"Coconino County, Arizona"
1582464,1500214,1307207,57746,1404488,123641,1054893,9249,50242,355,82250,4013,"Maricopa County, Arizona"
90270,80602,67373,7901,68707,8902,47503,1142,1872,0,9668,4015,"Mohave County, Arizona"
34285,27048,20566,1474,24256,4647,15312,178,918,0,7237,4017,"Navajo County, Arizona"
402323,376840,316529,16702,346286,36809,253126,3764,7610,25,25483,4019,"Pima County, Arizona"
147936,138369,121272,6354,126346,9748,100798,1281,4898,0,9567,4021,"Pinal County, Arizona"
100836,92633,77780,6783,80795,8801,58860,1009,2732,0,8203,4025,"Yavapai County, Arizona"
74532,66552,53466,3024,60541,7597,43287,743,1927,0,7980,4027,"Yuma County, Arizona"
100128,94182,81112,3187,89237,8782,68677,512,1475,0,5946,5007,"Benton County, Arkansas"
42631,39087,30722,2333,35618,5574,23771,331,400,0,3544,5031,"Craighead County, Arkansas"
43701,39629,34115,1701,36389,3323,31032,499,655,103,4072,5045,"Faulkner County, Arkansas"
40407,37110,27877,1737,34146,5411,22510,480,492,0,3297,5051,"Garland County, Arkansas"
25689,22166,13304,663,21133,6196,11292,205,476,0,3523,5069,"Jefferson County, Arkansas"
28132,25624,19720,796,24229,3868,17401,173,676,0,2508,5085,"Lonoke County, Arkansas"
157678,143655,112748,4907,134884,21228,84586,1228,2660,60,14023,5119,"Pulaski County, Arkansas"
43496,40809,32942,1374,38894,4852,27203,57,721,0,2687,5125,"Saline County, Arkansas"
51739,47160,33589,1477,44020,8071,29780,829,1282,0,4579,5131,"Sebastian County, Arkansas"
90001,84136,70653,2985,79578,9546,52198,288,1228,0,5865,5143,"Washington County, Arkansas"
29577,25602,19561,2050,23093,4747,14264,113,398,0,3975,5145,"White County, Arkansas"
575410,549040,504098,16100,521395,26215,413448,3153,44015,138,26370,6001,"Alameda County, California"
88636,83087,71638,5251,73977,7276,55453,1125,1771,0,5549,6007,"Butte County, California"
396133,380012,342255,11527,359390,19822,293344,2450,11258,38,16121,6013,"Contra Costa County, California"
72774,69132,63043,3829,62886,3622,47131,768,2374,0,3642,6017,"El Dorado County, California"
309519,279866,216263,9222,262049,42240,176478,3481,10506,60,29653,6019,"Fresno County, California"
55773,52300,42756,3454,45913,3671,32196,1485,6252,0,3473,6023,"Humboldt County, California"
41764,38640,28583,1357,35797,5340,26360,616,1451,0,3124,6025,"Imperial County, California"
273167,251273,194748,8279,236365,40040,146794,2842,5201,44,21894,6029,"Kern County, California"
43727,40173,31968,1160,37694,4565,27016,505,595,0,3554,6031,"Kings County, California"
26774,24036,19321,1718,21540,2983,14488,355,491,0,2738,6033,"Lake County, California"
3313908,3094720,2659755,99419,2933995,282567,2065080,18124,110202,662,219188,6037,"Los Angeles County, California"
44484,40738,31689,2165,37465,5342,26010,368,1166,0,3746,6039,"Madera County, California"
104954,101622,96467,4662,94535,2258,78012,733,3421,0,3332,6041,"Marin County, California"
33794,30311,25288,2502,26386,2738,17844,365,453,0,3483,6045,"Mendocino County, California"
79487,73109,54396,2531,69282,12223,45679,274,2663,0,6378,6047,"Merced County, California"
126299,118675,92757,4293,111411,21468,60896,345,2496,35,7624,6053,"Monterey County, California"
47315,44730,40103,2256,40794,2238,31541,373,1381,0,2585,6055,"Napa County, California"
41447,38969,35502,2623,34330,1623,28040,350,1561,0,2478,6057,"Nevada County, California"
1040394,1000857,909008,28913,948574,52025,754819,5839,35868,45,39537,6059,"Orange County, California"
144691,138946,130081,5815,130357,4341,108607,612,6143,0,5745,6061,"Placer County, California"
728103,687688,587572,27005,642717,57903,493675,5561,19979,255,40415,6065,"Riverside County, California"
543560,518300,458995,17987,487567,36421,374655,3158,27046,151,25260,6067,"Sacramento County, California"
638647,604937,497069,19851,569660,63675,422422,5233,15117,144,33710,6071,"San Bernardino County, California"
1130911,1086855,973980,32473,1028940,63685,788461,7889,31556,142,44056,6073,"San Diego County, California"
362827,340536,311468,9572,324767,20248,250112,2122,21583,104,22291,6075,"San Francisco County, California"
231917,217678,171939,6445,204624,21890,156850,2001,4789,32,14239,6077,"San Joaquin County, California"
106198,99874,88815,4543,91849,7642,66627,826,2478,67,6324,6079,"San Luis Obispo County, California"
259654,250464,232961,7274,237815,11101,199430,988,10734,198,9190,6081,"San Mateo County, California"
146224,138374,121189,5732,128538,9852,100514,769,3200,22,7850,6083,"Santa Barbara County, California"
645108,623546,579756,16692,593499,24176,492916,3934,25822,234,21562,6085,"Santa Clara County, California"
94994,89378,81041,4059,82515,4042,63825,1190,2813,42,5616,6087,"Santa Cruz County, California"
68198,63143,51914,3822,56416,5422,41536,742,1485,0,5055,6089,"Shasta County, California"
152291,145529,127734,5073,137107,11790,92083,808,3698,55,6762,6095,"Solano County, California"
187434,179720,160906,10106,163001,9084,129905,2419,4406,0,7714,6097,"Sonoma County, California"
175171,162869,129143,6099,151663,19504,108609,1877,4563,149,12302,6099,"Stanislaus County, California"
31989,29191,24057,1019,26972,3403,19455,170,1051,0,2798,6101,"Sutter County, California"
139197,122672,84751,4040,115080,25906,70445,1106,2205,0,16525,6107,"Tulare County, California"
271980,254813,226920,10441,237189,13438,192006,2043,33857,0,17167,6111,"Ventura County, California"
74428,70734,62928,3129,66219,4003,49973,455,1979,0,3694,6113,"Yolo County, California"
26191,22746,18045,1157,20364,3228,13687,388,519,0,3445,6115,"Yuba County, California"
168361,158905,133894,6979,148482,15174,109532,1242,3807,142,9456,8001,"Adams County, Colorado"
242141,232126,206476,8609,216878,16495,164450,1727,5592,0,10015,8005,"Arapahoe County, Colorado"
128295,123421,115072,5359,115226,4566,90900,708,3383,53,4874,8013,"Boulder County, Colorado"
28530,27966,26071,331,27395,1124,22477,0,761,0,564,8014,"Broomfield County, Colorado"
310324,294918,262698,9412,279229,21390,200052,1339,7471,104,15406,8031,"Denver County, Colorado"
125035,122857,118472,2568,117729,1996,103263,541,3802,78,2178,8035,"Douglas County, Colorado"
260851,247781,223251,9006,232495,16592,179897,1232,6601,114,13070,8041,"El Paso County, Colorado"
233272,219964,200737,9050,203333,10773,155436,1732,5416,161,13308,8059,"Jefferson County, Colorado"
139382,133801,123300,4207,125987,4773,100739,1184,4260,0,5581,8069,"Larimer County, Colorado"
61848,56995,48177,3380,50481,5663,37166,654,1149,0,4853,8077,"Mesa County, Colorado"
64954,57916,45062,3797,51103,8511,35820,833,1331,0,7038,8101,"Pueblo County, Colorado"
107929,102751,89105,3713,95876,8123,75394,1020,2397,0,5178,8123,"Weld County, Colorado"
345634,325221,288112,12419,300928,20366,243502,3420,10799,0,20413,9001,"Fairfield County, Connecticut"
348049,320183,271553,14596,293271,28441,226637,3531,7682,80,27866,9003,"Hartford County, Connecticut"
73598,67520,59851,5055,59092,3768,46620,1039,1815,0,6078,9005,"Litchfield County, Connecticut"
66983,62516,55933,3337,57216,3274,42018,567,1444,0,4467,9007,"Middlesex County, Connecticut"
335539,303843,255655,15330,275425,30239,201689,4323,6438,75,31696,9009,"New Haven County, Connecticut"
108098,100040,87133,6654,88821,8041,67209,1022,2792,9,8058,9011,"New London County, Connecticut"
55619,52027,47593,2906,46924,2091,36999,544,1548,0,3592,9013,"Tolland County, Connecticut"
44571,40500,34171,1932,36138,2660,28925,730,507,0,4071,9015,"Windham County, Connecticut"
67841,60595,49129,3022,55219,6238,40853,711,1587,0,7246,10001,"Kent County, Delaware"
206351,196008,154555,8261,181305,22111,127006,2197,4796,0,10343,10003,"New Castle County, Delaware"
93479,84814,71736,5935,75321,7244,57326,815,2648,6,8665,10005,"Sussex County, Delaware"
287476,266613,230574,6223,253586,23099,186192,2664,7322,0,20863,11001,"District of Columbia, District of Columbia"
97782,93407,84307,2718,87999,5777,60006,1047,2285,0,4375,12001,"Alachua County, Florida"
73856,68037,59104,3584,61328,5085,48067,474,1823,62,5819,12005,"Bay County, Florida"
226363,209537,191261,13728,189435,11216,146681,1720,4490,0,16826,12009,"Brevard County, Florida"
694980,655599,568484,22383,616532,54284,446641,4777,27568,224,39381,12011,"Broward County, Florida"
74975,67947,59858,4480,59679,4302,46822,531,1664,84,7028,12015,"Charlotte County, Florida"
62293,57105,48393,7108,46134,4682,35198,1189,1125,0,5188,12017,"Citrus County, Florida"
75958,73268,64658,3448,67508,6176,52465,393,1877,93,2690,12019,"Clay County, Florida"
144172,134294,116323,7996,119594,9845,91723,1561,5560,71,9878,12021,"Collier County, Florida"
25678,24000,18876,1435,21567,3215,15912,573,499,0,1678,12023,"Columbia County, Florida"
367238,342926,282083,14725,319945,46170,208979,1711,20642,76,24312,12031,"Duval County, Florida"
118820,109334,95368,5983,99780,8304,70700,935,1934,0,9486,12033,"Escambia County, Florida"
41274,36375,31301,3168,31611,2369,24414,376,1190,0,4899,12035,"Flagler County, Florida"
76163,71041,64337,6479,60706,3822,49317,711,3557,38,5122,12053,"Hernando County, Florida"
40573,34959,28685,2830,29817,4088,20652,580,744,0,5614,12055,"Highlands County, Florida"
540142,514288,436693,16229,485628,51901,348871,3774,17732,0,25854,12057,"Hillsborough County, Florida"
57636,51246,46644,4057,41809,2934,33278,308,6283,94,6390,12061,"Indian River County, Florida"
136366,127494,109000,7544,114094,10139,92529,1751,2623,0,8872,12069,"Lake County, Florida"
281222,264914,226378,12747,241459,23461,182561,3320,18992,183,16308,12071,"Lee County, Florida"
113390,106790,94209,3796,101385,8463,72579,138,2481,0,6600,12073,"Leon County, Florida"
150814,142268,124945,8387,126558,8812,101058,1619,7506,0,8546,12081,"Manatee County, Florida"
143441,127543,108861,11464,108551,13011,75295,1378,2726,0,15898,12083,"Marion County, Florida"
63070,59088,50430,3590,53055,4780,40100,712,1979,0,3982,12085,"Martin County, Florida"
895801,837519,689232,21322,803344,111627,512790,3991,35648,129,58282,12086,"Miami-Dade County, Florida"
31362,30369,26697,1740,27943,2613,18944,25,347,0,993,12087,"Monroe County, Florida"
32624,31315,27190,1724,28817,2330,20959,191,1084,0,1309,12089,"Nassau County, Florida"
79570,75461,65572,3321,70849,6842,54416,455,2074,0,4109,12091,"Okaloosa County, Florida"
458157,436659,379406,10121,417882,37474,304402,2634,13569,39,21498,12095,"Orange County, Florida"
102705,97741,82652,2982,91843,9456,65128,1002,3582,33,4964,12097,"Osceola County, Florida"
552286,522553,447478,22680,482173,46540,360444,5829,16356,102,29733,12099,"Palm Beach County, Florida"
205128,186401,169346,10844,166998,9434,133466,1870,5254,0,18727,12101,"Pasco County, Florida"
405892,370430,326329,24301,332556,27040,249608,3920,9330,125,35462,12103,"Pinellas County, Florida"
241171,216983,173662,11841,195583,25616,141084,2521,12773,44,24188,12105,"Polk County, Florida"
27927,24878,18444,1222,21414,4186,13684,1219,456,0,3049,12107,"Putnam County, Florida"
90109,85629,79144,4106,79234,4055,62081,641,3357,0,4480,12109,"St. Johns County, Florida"
118768,113599,97208,4815,104603,8581,79304,861,3231,0,5169,12111,"St. Lucie County, Florida"
63891,60536,52899,2448,56805,3821,45453,585,1386,0,3355,12113,"Santa Rosa County, Florida"
183721,171380,150011,11577,150133,12540,115489,2173,4840,67,12341,12115,"Sarasota County, Florida"
179274,171687,156048,7086,161046,8930,126450,1057,6210,0,7587,12117,"Seminole County, Florida"
62854,58614,54504,5942,48464,2372,41659,286,2652,0,4240,12119,"Sumter County, Florida"
218423,204073,170798,13454,183317,21564,126888,2501,4252,123,14350,12127,"Volusia County, Florida"
28770,26716,23395,1033,25060,1176,20617,397,759,91,2054,12131,"Walton County, Florida"
27525,25654,22430,1021,24081,1845,18919,95,1857,0,1871,13013,"Barrow County, Georgia"
35506,33497,27565,1222,31042,3713,22414,768,827,0,2009,13015,"Bartow County, Georgia"
57905,50225,37039,2139,46756,9120,31461,369,1683,79,7680,13021,"Bibb County, Georgia"
27097,24349,19477,810,22820,3900,15489,240,277,0,2748,13031,"Bulloch County, Georgia"
41197,36367,28656,1002,34490,4674,25174,476,1089,0,4830,13045,"Carroll County, Georgia"
24722,22000,18696,1717,19821,1486,15142,223,307,0,2722,13047,"Catoosa County, Georgia"
107921,101090,82629,2295,96285,12908,69248,614,2710,0,6831,13051,"Chatham County, Georgia"
89974,87696,80919,2278,83879,3275,68388,954,3753,0,2278,13057,"Cherokee County, Georgia"
49698,46141,41883,1836,43583,2671,30628,101,469,0,3557,13059,"Clarke County, Georgia"
96286,89596,70753,3286,84383,13808,51706,535,1527,0,6690,13063,"Clayton County, Georgia"
283094,276380,253738,6756,265658,15156,201888,751,6810,0,6714,13067,"Cobb County, Georgia"
47167,44082,38566,1175,41805,1952,37229,490,1433,42,3085,13073,"Columbia County, Georgia"
52114,48157,40891,1597,45693,4767,35473,160,2085,0,3957,13077,"Coweta County, Georgia"
287001,269348,223811,7924,255971,29247,182049,1637,9107,81,17653,13089,"DeKalb County, Georgia"
33717,29913,21272,2154,26831,6786,14918,194,1016,0,3804,13095,"Dougherty County, Georgia"
49534,48036,38553,995,45939,5627,34073,417,1146,0,1498,13097,"Douglas County, Georgia"
39366,36968,34503,964,34918,1517,30381,444,1479,0,2398,13113,"Fayette County, Georgia"
34672,29331,21903,963,27356,5783,18338,316,443,20,5341,13115,"Floyd County, Georgia"
81353,79380,74840,1932,75602,2764,65695,574,3328,60,1973,13117,"Forsyth County, Georgia"
417157,392237,349282,10202,377153,28669,277864,1412,10991,0,24920,13121,"Fulton County, Georgia"
34634,31445,25797,1902,28584,4140,20668,376,1240,0,3189,13127,"Glynn County, Georgia"
297658,285143,256189,6464,272511,18546,212988,1696,7964,0,12515,13135,"Gwinnett County, Georgia"
64990,60554,49825,2467,56097,6159,42971,259,1395,0,4436,13139,"Hall County, Georgia"
75926,73627,68049,2766,68563,3667,50053,449,1402,0,2299,13151,"Henry County, Georgia"
58155,54954,46171,1448,52522,5568,37541,489,2639,0,3201,13153,"Houston County, Georgia"
23640,22022,19220,452,20611,1737,17361,182,765,0,1618,13157,"Jackson County, Georgia"
41734,32910,27237,1599,30086,3946,17872,434,487,0,8824,13185,"Lowndes County, Georgia"
72862,65456,50913,2237,60732,9294,41058,585,1585,0,7406,13215,"Muscogee County, Georgia"
38436,37405,33077,1093,35271,2462,27728,420,577,0,1031,13217,"Newton County, Georgia"
53630,51104,45237,899,49352,4383,38992,62,2121,0,2526,13223,"Paulding County, Georgia"
70534,62122,45925,2544,57371,11021,38741,754,3561,0,8412,13245,"Richmond County, Georgia"
31460,30252,25220,752,28531,2977,19938,75,1131,0,1208,13247,"Rockdale County, Georgia"
25659,22671,17625,968,20934,3770,12561,429,93,0,2988,13255,"Spalding County, Georgia"
25417,22573,15758,1279,20659,4349,12945,217,521,80,2844,13285,"Troup County, Georgia"
26895,23224,18915,1267,20500,2884,15977,407,442,0,3671,13295,"Walker County, Georgia"
32624,29843,25057,1074,28252,2804,22628,176,502,0,2781,13297,"Walton County, Georgia"
36658,31640,24093,1691,29084,5244,17013,373,3154,0,5018,13313,"Whitfield County, Georgia"
71565,61539,50087,5046,53632,5341,42033,1090,1197,0,10026,15001,"Hawaii County, Hawaii"
308208,286338,249837,9036,269251,19891,213039,2560,7868,155,21870,15003,"Honolulu County, Hawaii"
22685,20378,17744,1033,18783,1326,13589,434,350,0,2307,15007,"Kauai County, Hawaii"
52794,48777,41433,1509,45748,4603,33571,740,1338,0,4017,15009,"Maui County, Hawaii"
178712,172131,160425,6932,160241,4985,128804,2054,8632,0,6581,16001,"Ada County, Idaho"
30635,28781,24317,1300,26564,2638,19999,204,1181,39,1854,16005,"Bannock County, Idaho"
40224,38175,32633,1384,35809,2552,29152,300,800,0,2049,16019,"Bonneville County, Idaho"
74520,70667,59782,3656,64197,5531,51562,695,1646,0,3853,16027,"Canyon County, Idaho"
64955,59065,50074,2897,54274,5378,40383,690,1367,78,5890,16055,"Kootenai County, Idaho"
32041,29162,24127,756,26303,3216,19239,525,446,0,2879,16083,"Twin Falls County, Idaho"
26397,23013,19217,1349,20582,1865,15529,517,613,75,3384,17001,"Adams County, Illinois"
84290,78733,68871,3231,73163,5074,54108,1038,1665,0,5557,17019,"Champaign County, Illinois"
1981796,1807902,1525026,63845,1693495,183608,1201232,14344,66980,595,173894,17031,"Cook County, Illinois"
38849,37110,32817,1041,34495,2721,26954,438,740,0,1739,17037,"DeKalb County, Illinois"
345714,328790,299943,10789,308355,15008,255945,2191,10129,0,16924,17043,"DuPage County, Illinois"
183633,172564,149458,6927,161409,14315,124815,969,3915,155,11069,17089,"Kane County, Illinois"
40642,36080,29621,2203,32295,3613,24732,706,176,0,4562,17091,"Kankakee County, Illinois"
40716,39158,36472,974,37275,1582,32910,213,869,0,1558,17093,"Kendall County, Illinois"
246620,234195,209691,10185,218789,13013,180100,1345,6640,0,12425,17097,"Lake County, Illinois"
44714,40209,31234,1820,37140,5618,25608,405,638,0,4505,17099,"LaSalle County, Illinois"
114544,109953,97825,4474,101567,4782,86256,1188,2429,0,4591,17111,"McHenry County, Illinois"
65998,62986,56430,1884,59641,4178,45262,349,1326,0,3012,17113,"McLean County, Illinois"
44562,39157,31124,2545,35318,4944,24448,422,1602,0,5405,17115,"Macon County, Illinois"
108977,99224,84137,6470,88599,8190,68900,1085,2706,144,9753,17119,"Madison County, Illinois"
71506,64925,51696,2156,60531,9581,41118,487,1386,0,6581,17143,"Peoria County, Illinois"
61009,55189,44953,2332,50319,6151,35722,836,1340,0,5820,17161,"Rock Island County, Illinois"
104803,95493,76493,5503,86388,14390,58580,844,2755,55,9310,17163,"St. Clair County, Illinois"
83006,76429,61907,3417,70180,10055,51342,810,2227,0,6577,17167,"Sangamon County, Illinois"
54123,48285,38882,2300,43938,6299,32343,674,1107,74,5838,17179,"Tazewell County, Illinois"
30166,24786,19819,1693,22249,3849,12820,368,554,0,5380,17183,"Vermilion County, Illinois"
231647,220388,195847,8008,205737,13910,168772,1598,5037,125,11259,17197,"Will County, Illinois"
27815,22809,15370,944,20872,4985,13213,421,622,0,5006,17199,"Williamson County, Illinois"
114337,104242,83321,5832,94465,11986,69583,1546,1890,56,10095,17201,"Winnebago County, Illinois"
147638,135591,112854,6674,124098,14371,93921,1426,2875,89,12047,18003,"Allen County, Indiana"
31891,27993,23669,699,25602,2411,20820,432,840,0,3898,18005,"Bartholomew County, Indiana"
24808,23528,22173,911,22339,324,18302,0,377,0,1280,18011,"Boone County, Indiana"
45905,42569,35077,2049,38462,4354,29565,576,749,0,3336,18019,"Clark County, Indiana"
45311,40470,34638,2103,36614,3431,26879,517,762,0,4841,18035,"Delaware County, Indiana"
73660,66826,53499,2969,61103,9019,43571,932,1804,0,6834,18039,"Elkhart County, Indiana"
30300,28457,23851,1382,26356,2752,19297,148,757,0,1843,18043,"Floyd County, Indiana"
26923,23694,18466,1746,20205,3330,14388,258,887,43,3229,18053,"Grant County, Indiana"
122876,119943,112872,1648,115914,4092,100000,328,3947,0,2933,18057,"Hamilton County, Indiana"
29605,27986,23774,1251,25468,2775,20152,219,407,0,1619,18059,"Hancock County, Indiana"
60368,58917,53151,1828,54813,2986,46876,593,1287,0,1451,18063,"Hendricks County, Indiana"
35139,32794,27267,1995,29459,3546,20091,310,656,37,2345,18067,"Howard County, Indiana"
57504,54724,47899,2078,51062,4173,41627,382,1487,0,2780,18081,"Johnson County, Indiana"
30798,28537,23308,1715,25641,2562,20164,304,505,0,2261,18085,"Kosciusko County, Indiana"
186769,165964,131048,9123,151954,21627,108776,2072,4078,0,20805,18089,"Lake County, Indiana"
43122,39774,31576,2683,35297,5301,24166,170,821,0,3348,18091,"LaPorte County, Indiana"
50426,44764,34817,2256,40954,6032,28293,529,728,0,5662,18095,"Madison County, Indiana"
373634,332773,269755,15174,308405,41981,199925,2837,5705,175,40861,18097,"Marion County, Indiana"
57102,53973,48841,1800,50386,2633,37402,637,859,0,3129,18105,"Monroe County, Indiana"
25968,23482,19334,1275,21024,1495,16887,313,262,0,2486,18109,"Morgan County, Indiana"
66144,60782,52843,2895,56175,4858,39972,315,959,0,5362,18127,"Porter County, Indiana"
107730,97565,80442,5280,88498,11620,63328,1403,2118,36,10165,18141,"St. Joseph County, Indiana"
70446,67482,55108,2581,63728,7445,44926,191,1165,0,2964,18157,"Tippecanoe County, Indiana"
75058,67730,53018,3035,61424,9397,43982,970,1425,0,7328,18163,"Vanderburgh County, Indiana"
43262,41034,32699,2792,36424,4384,27328,620,754,43,2228,18167,"Vigo County, Indiana"
28338,25039,19429,1989,22105,3341,15535,247,505,24,3299,18177,"Wayne County, Indiana"
53386,48181,40238,2242,44320,5115,32880,375,1046,0,5205,19013,"Black Hawk County, Iowa"
35492,34166,30357,821,32489,2564,25201,220,516,0,1326,19049,"Dallas County, Iowa"
38501,34154,26962,1901,30210,4962,22464,423,749,0,4347,19061,"Dubuque County, Iowa"
60868,58899,53504,1280,54790,3224,43749,878,1395,0,1969,19103,"Johnson County, Iowa"
91747,84734,74052,2941,78181,5335,60405,1082,2657,0,7013,19113,"Linn County, Iowa"
189546,177807,150489,6632,164270,14350,126727,2497,2969,0,11739,19153,"Polk County, Iowa"
36635,32694,27407,2459,28550,3365,21709,294,974,0,3941,19155,"Pottawattamie County, Iowa"
66905,60918,51279,2207,56984,6169,41014,749,890,0,5987,19163,"Scott County, Iowa"
37290,35715,31810,1438,33699,2677,23748,176,662,0,1575,19169,"Story County, Iowa"
39253,35283,27993,1944,31624,4012,24621,274,838,0,3970,19193,"Woodbury County, Iowa"
24692,22459,20112,1179,20390,1339,17086,190,769,20,2233,20015,"Butler County, Kansas"
48907,46947,41475,1786,43734,2431,34104,368,1331,0,1960,20045,"Douglas County, Kansas"
231184,222865,205545,7325,210692,8413,173596,1186,6778,0,8319,20091,"Johnson County, Kansas"
26654,24444,20173,1045,22651,2228,17509,53,614,0,2210,20103,"Leavenworth County, Kansas"
26617,25963,23439,992,24287,871,18446,406,1103,0,654,20161,"Riley County, Kansas"
198024,184013,149608,7337,170906,22634,119378,1646,4748,39,14011,20173,"Sedgwick County, Kansas"
72788,64970,52897,3101,58883,7355,39138,988,1346,0,7818,20177,"Shawnee County, Kansas"
60708,55301,38679,2797,50541,10988,32014,874,770,0,5407,20209,"Wyandotte County, Kansas"
47684,46036,40431,1880,42885,3043,35462,381,1659,0,1648,21015,"Boone County, Kentucky"
29789,27680,23035,1700,24786,1900,19176,259,311,0,2109,21029,"Bullitt County, Kentucky"
36992,33549,29083,1399,30738,2479,23845,258,3304,0,3443,21037,"Campbell County, Kentucky"
26114,23151,17570,709,21449,3619,14084,301,484,0,2963,21047,"Christian County, Kentucky"
39590,35482,27577,1628,32248,4985,23804,504,1011,0,4108,21059,"Daviess County, Kentucky"
131067,125508,105794,4184,117221,10398,87779,1384,5759,48,5559,21067,"Fayette County, Kentucky"
41625,37683,29190,1986,34233,4223,25642,800,1236,0,3942,21093,"Hardin County, Kentucky"
311263,281390,231253,12267,259965,31894,185048,3520,6107,0,29873,21111,"Jefferson County, Kentucky"
64611,60015,51792,2350,55230,4354,44137,591,2173,0,4596,21117,"Kenton County, Kentucky"
27650,25320,20543,1091,23327,3137,16155,354,408,0,2330,21145,"McCracken County, Kentucky"
33396,30450,26530,1423,27529,1983,22248,398,1004,0,2946,21151,"Madison County, Kentucky"
21237,20492,18294,461,19427,1439,16221,88,797,46,745,21185,"Oldham County, Kentucky"
48843,45523,38203,2215,41673,4197,32131,342,1451,0,3320,21227,"Warren County, Kentucky"
45102,41978,33616,1169,39933,3406,32608,184,2439,0,3124,22005,"Ascension Parish, Louisiana"
50099,45158,36303,1495,42856,6984,20669,215,1017,0,4941,22015,"Bossier Parish, Louisiana"
94778,82577,58598,4163,75760,17936,40192,1046,1586,0,12201,22017,"Caddo Parish, Louisiana"
78351,68280,53035,2382,63333,10191,41543,1348,635,0,10071,22019,"Calcasieu Parish, Louisiana"
163274,149950,120500,4349,142629,20834,95253,1153,4167,62,13324,22033,"East Baton Rouge Parish, Louisiana"
25386,21667,15983,851,20003,3619,12915,278,320,0,3719,22045,"Iberia Parish, Louisiana"
167596,148758,117802,7118,137521,20142,92729,1432,6214,46,18838,22051,"Jefferson Parish, Louisiana"
94002,87650,69708,2224,83046,11943,57147,680,1333,0,6352,22055,"Lafayette Parish, Louisiana"
35838,31235,23496,1037,29190,4464,21917,154,206,0,4603,22057,"Lafourche Parish, Louisiana"
49084,46591,37383,1277,43901,3966,32537,292,642,0,2493,22063,"Livingston Parish, Louisiana"
155104,136292,102675,4976,125574,24618,77784,1700,6239,0,18812,22071,"Orleans Parish, Louisiana"
55599,46102,35740,1659,42260,7206,28282,855,1553,43,9497,22073,"Ouachita Parish, Louisiana"
48915,43808,33354,2066,39172,6037,30474,557,919,0,5107,22079,"Rapides Parish, Louisiana"
29965,22198,15049,1747,19946,5436,10051,401,424,0,7767,22097,"St. Landry Parish, Louisiana"
93589,87266,74903,3198,80923,7105,63648,1147,5869,57,6323,22103,"St. Tammany Parish, Louisiana"
47401,41561,31033,2099,38276,6632,26470,541,756,75,5840,22105,"Tangipahoa Parish, Louisiana"
37911,33356,25686,1357,30165,3809,23925,419,519,0,4555,22109,"Terrebonne Parish, Louisiana"
44897,40858,34131,3860,34244,3779,26413,579,2763,0,4039,23001,"Androscoggin County, Maine"
29931,24859,19798,3181,18384,2098,15515,1233,302,0,5072,23003,"Aroostook County, Maine"
123485,114803,106313,6688,102760,3277,83703,1377,2875,0,8682,23005,"Cumberland County, Maine"
54299,48313,41227,3711,42162,3527,31056,424,912,0,5986,23011,"Kennebec County, Maine"
61765,55648,47231,5232,46186,4246,37431,1344,959,0,6117,23019,"Penobscot County, Maine"
88416,81271,72017,6054,70170,4496,59126,1497,2286,0,7145,23031,"York County, Maine"
27190,22813,18197,1415,20146,2890,15253,321,462,0,4377,24001,"Allegany County, Maryland"
212687,201634,185186,7160,188432,8547,156119,1087,5174,0,11053,24003,"Anne Arundel County, Maryland"
313259,290567,258476,13897,266682,17757,211650,2749,9403,0,22692,24005,"Baltimore County, Maryland"
32145,30005,28162,1041,28510,1132,24060,48,792,0,2140,24009,"Calvert County, Maryland"
60371,54985,49931,1693,51721,2655,41968,381,1310,42,5386,24013,"Carroll County, Maryland"
36620,32638,28594,2214,29273,2494,22623,107,385,0,3982,24015,"Cecil County, Maryland"
56947,52393,48005,1846,49316,2131,41882,289,4339,0,4554,24017,"Charles County, Maryland"
95903,90147,81926,2955,84128,4702,69713,705,2837,203,5756,24021,"Frederick County, Maryland"
94802,88394,82044,4069,80996,3550,67242,654,2995,85,6408,24025,"Harford County, Maryland"
116903,113533,105749,2783,108054,3931,90823,618,3617,0,3370,24027,"Howard County, Maryland"
368334,355634,333012,13815,334006,12906,272971,2249,13015,0,12700,24031,"Montgomery County, Maryland"
315759,300957,254744,11947,279824,28557,213121,2625,7366,0,14802,24033,"Prince George's County, Maryland"
41239,37989,34400,2622,33653,1780,28154,626,1515,0,3250,24037,"St. Mary's County, Maryland"
56306,49775,41658,3338,44198,4717,33623,340,917,0,6531,24043,"Washington County, Maryland"
38084,33619,27393,1463,30413,3364,22796,596,769,0,4465,24045,"Wicomico County, Maryland"
237204,209555,160335,10164,192550,31587,126389,2652,5638,162,27649,24510,"Baltimore city, Maryland"
86671,82135,73541,6215,71349,2826,56930,1725,1553,0,4536,25001,"Barnstable County, Massachusetts"
55212,49658,43997,3672,41807,2645,34281,1121,810,0,5554,25003,"Berkshire County, Massachusetts"
215132,191400,161916,11006,172821,17428,129186,2658,4129,0,23732,25005,"Bristol County, Massachusetts"
295481,272551,236058,14420,245849,18461,196951,4368,5561,0,22930,25009,"Essex County, Massachusetts"
30391,27669,23252,2559,22684,2135,17990,1029,767,12,2722,25011,"Franklin County, Massachusetts"
178678,155531,127272,9693,137938,17608,101051,2583,2671,0,23147,25013,"Hampden County, Massachusetts"
58902,54766,50554,4317,47893,2115,38519,570,1689,0,4136,25015,"Hampshire County, Massachusetts"
612224,576986,531534,28501,528593,22603,430801,5292,14194,173,35238,25017,"Middlesex County, Massachusetts"
267880,253430,233202,12579,231780,9049,192881,3933,5736,0,14450,25021,"Norfolk County, Massachusetts"
189304,177735,156006,10821,158854,10600,132099,3343,4660,91,11569,25023,"Plymouth County, Massachusetts"
315049,290693,249143,9458,275539,27559,188896,1913,6271,77,24356,25025,"Suffolk County, Massachusetts"
308831,285301,250649,16205,257405,18185,204305,3283,6892,0,23530,25027,"Worcester County, Massachusetts"
43992,40002,33086,1874,36703,4909,23683,407,917,0,3990,26005,"Allegan County, Michigan"
44469,39830,32690,1945,36170,4721,24389,688,505,0,4639,26017,"Bay County, Michigan"
64783,58239,48054,3291,52159,6670,38186,653,1469,62,6544,26021,"Berrien County, Michigan"
53914,49092,37459,3376,42835,8125,27909,805,612,44,4822,26025,"Calhoun County, Michigan"
29783,27349,24133,1292,25050,1937,18340,260,554,0,2434,26037,"Clinton County, Michigan"
44879,42047,35262,2370,38068,3815,28940,224,1378,0,2832,26045,"Eaton County, Michigan"
169469,148428,117481,7822,133353,18094,93918,2955,3294,0,21041,26049,"Genesee County, Michigan"
36782,34629,30660,2342,30999,2151,25640,229,710,0,2153,26055,"Grand Traverse County, Michigan"
112170,105801,91109,4414,96774,8674,71933,1432,3469,0,6369,26065,"Ingham County, Michigan"
25367,23331,19377,1012,21291,2069,15112,438,795,20,2036,26073,"Isabella County, Michigan"
62598,56227,43890,3023,49879,8271,34469,1233,1085,0,6371,26075,"Jackson County, Michigan"
104234,96664,83787,4871,87707,6538,68710,1503,1712,0,7570,26077,"Kalamazoo County, Michigan"
244046,226890,192016,9643,208125,20161,159879,3289,4349,0,17156,26081,"Kent County, Michigan"
33560,30172,25178,2143,26521,3174,19964,642,436,31,3388,26087,"Lapeer County, Michigan"
38388,34700,27835,2121,30816,3690,23679,509,883,0,3688,26091,"Lenawee County, Michigan"
72676,69688,62919,3593,64317,3908,51523,547,1977,29,2988,26093,"Livingston County, Michigan"
347508,320507,270254,15643,292934,29981,218390,2816,7259,83,27001,26099,"Macomb County, Michigan"
26328,23233,20728,1859,19589,1264,15687,397,625,0,3095,26103,"Marquette County, Michigan"
34091,29947,25908,1070,27009,2331,21670,313,737,28,4144,26111,"Midland County, Michigan"
61586,55982,47270,3419,49291,4293,41060,1015,1098,0,5604,26115,"Monroe County, Michigan"
67196,60713,45866,3750,53713,9962,37179,775,1713,0,6483,26121,"Muskegon County, Michigan"
503645,471392,424357,17941,438126,26595,347882,3776,12517,153,32253,26125,"Oakland County, Michigan"
103438,97207,86289,4146,89592,6921,70345,452,1938,0,6231,26139,"Ottawa County, Michigan"
78740,69340,54540,4600,61328,8030,44785,991,1799,0,9400,26145,"Saginaw County, Michigan"
65751,59093,48532,3021,53459,6796,39488,788,1007,0,6658,26147,"St. Clair County, Michigan"
28218,25877,19941,1428,23134,4371,15605,301,401,71,2341,26155,"Shiawassee County, Michigan"
28607,25847,21438,1365,22797,2601,16938,479,672,0,2760,26159,"Van Buren County, Michigan"
143072,137406,125861,4364,129046,5957,98132,751,3401,28,5666,26161,"Washtenaw County, Michigan"
687546,615308,470602,29633,563830,95059,379472,7535,16649,320,72238,26163,"Wayne County, Michigan"
128140,121430,108964,5355,111983,5584,89421,1197,2454,43,6710,27003,"Anoka County, Minnesota"
26362,24699,22023,1236,22736,1469,14449,249,843,4,1663,27013,"Blue Earth County, Minnesota"
36925,35284,32407,936,33439,1618,29167,140,1491,0,1641,27019,"Carver County, Minnesota"
162496,155843,141564,5579,144764,5709,120992,1927,4453,53,6653,27037,"Dakota County, Minnesota"
508964,482143,435251,20825,447911,27767,341177,3850,15018,179,26821,27053,"Hennepin County, Minnesota"
63462,59280,52486,2685,54566,4200,43364,782,1519,0,4182,27109,"Olmsted County, Minnesota"
209287,194490,168912,9756,177221,13935,133553,2164,4944,108,14797,27123,"Ramsey County, Minnesota"
23358,20971,18239,1706,18766,1369,14555,55,326,10,2387,27131,"Rice County, Minnesota"
84370,74214,61146,4555,65671,7725,48072,1293,1332,27,10156,27137,"St. Louis County, Minnesota"
50040,48144,44732,1081,45646,2084,37490,303,1425,13,1896,27139,"Scott County, Minnesota"
32033,30685,26810,1069,28872,2642,21261,50,468,0,1348,27141,"Sherburne County, Minnesota"
58510,53763,44244,3244,48675,5358,36959,491,1066,0,4747,27145,"Stearns County, Minnesota"
96387,91176,83684,3129,85454,3421,70362,583,2769,41,5211,27163,"Washington County, Minnesota"
48863,44771,38713,2067,41620,3391,30748,205,1392,0,4092,27171,"Wright County, Minnesota"
63075,59578,48534,1225,56154,7053,42289,649,1547,0,3497,28033,"DeSoto County, Mississippi"
27248,23146,17306,930,21108,3224,14992,147,866,0,4102,28035,"Forrest County, Mississippi"
82375,75683,56655,2040,70866,14200,47214,1093,2256,0,6692,28047,"Harrison County, Mississippi"
85483,76334,56042,3026,71189,14125,44705,626,1309,0,9149,28049,"Hinds County, Mississippi"
51659,47455,36782,1662,45007,6108,32263,276,819,0,4204,28059,"Jackson County, Mississippi"
25098,22634,13622,774,21184,6765,12520,230,320,0,2464,28067,"Jones County, Mississippi"
29993,25969,19775,721,24254,3687,16696,311,785,0,4024,28075,"Lauderdale County, Mississippi"
32527,28293,19454,1511,25990,6147,16137,211,447,0,4234,28081,"Lee County, Mississippi"
40229,38604,33950,1603,36073,2910,28177,232,919,0,1625,28089,"Madison County, Mississippi"
55483,51464,44216,2025,48399,4384,36707,698,1202,0,4019,28121,"Rankin County, Mississippi"
72217,69103,60335,2146,64795,4024,47669,799,2235,0,3114,29019,"Boone County, Missouri"
33621,30775,23198,1569,28141,5395,18239,487,362,0,2846,29021,"Buchanan County, Missouri"
28675,26153,22259,1090,24291,2485,18047,204,288,0,2522,29031,"Cape Girardeau County, Missouri"
40197,37731,32653,1782,34197,2990,27954,468,960,0,2466,29037,"Cass County, Missouri"
31421,28877,23948,777,27446,3252,20651,364,522,0,2544,29043,"Christian County, Missouri"
91901,87715,74687,3564,81311,7082,62878,1210,1511,0,4186,29047,"Clay County, Missouri"
29593,27742,22909,1314,25390,3375,17714,385,416,0,1851,29051,"Cole County, Missouri"
40387,36712,30973,2239,33200,3433,23716,541,703,0,3675,29071,"Franklin County, Missouri"
128691,111790,93444,5161,102091,11314,74448,2036,13429,0,16901,29077,"Greene County, Missouri"
288752,267004,219726,12829,246861,30468,170433,2035,5424,100,21748,29095,"Jackson County, Missouri"
47846,42417,31889,2446,38661,5767,26666,611,607,0,5429,29097,"Jasper County, Missouri"
85892,81341,68923,3654,74607,6042,58037,902,1726,51,4551,29099,"Jefferson County, Missouri"
40086,38824,32919,1613,36545,3320,28483,134,650,0,1262,29165,"Platte County, Missouri"
149951,143088,130546,5717,133340,7609,106290,849,3741,0,6863,29183,"St. Charles County, Missouri"
25670,21834,17294,712,20675,2076,14058,122,476,0,3836,29187,"St. Francois County, Missouri"
408117,378967,327143,15521,350541,24999,277577,3873,11369,36,29150,29189,"St. Louis County, Missouri"
144295,125685,93388,6598,114924,21686,72942,1871,2371,79,18610,29510,"St. Louis city, Missouri"
35558,30878,24824,1744,27392,3219,21685,474,744,0,4680,30013,"Cascade County, Montana"
38372,34876,31296,3096,30258,1942,20868,624,838,0,3496,30029,"Flathead County, Montana"
44423,42082,39062,1803,39672,1888,30960,134,1010,0,2341,30031,"Gallatin County, Montana"
27842,24917,22393,1359,22503,1678,16831,276,504,0,2925,30049,"Lewis and Clark County, Montana"
50401,47923,43181,2459,43606,2094,33594,498,1739,0,2478,30063,"Missoula County, Montana"
66805,60700,51947,3378,54223,4301,43686,794,1483,84,6105,30111,"Yellowstone County, Montana"
220858,204483,176028,10179,186683,16305,145723,2569,5145,0,16375,31055,"Douglas County, Nebraska"
125917,118576,104557,5776,109164,7112,83089,1317,2455,40,7341,31109,"Lancaster County, Nebraska"
66273,63305,56836,2160,59507,3863,47647,546,1595,0,2968,31153,"Sarpy County, Nebraska"
808605,755963,639070,28763,708909,76242,507414,4840,17127,60,52642,32003,"Clark County, Nevada"
185709,176054,153218,7903,163579,12898,123609,1261,14520,0,9655,32031,"Washoe County, Nevada"
30208,27152,23867,2345,22865,1872,18013,495,384,0,3056,33005,"Cheshire County, New Hampshire"
35394,32576,29165,2948,27146,1540,23002,420,490,0,2818,33009,"Grafton County, New Hampshire"
161649,152929,135191,7512,139274,8014,111907,1340,3271,0,8720,33011,"Hillsborough County, New Hampshire"
58521,55097,50494,4615,47751,2113,39950,392,2741,54,3424,33013,"Merrimack County, New Hampshire"
119467,114561,105697,6466,103124,3933,85810,1041,2704,0,4906,33015,"Rockingham County, New Hampshire"
48393,45144,41251,2175,40044,2044,32238,504,2088,0,3249,33017,"Strafford County, New Hampshire"
96981,90877,76112,4918,83003,9121,59360,767,3097,0,6104,34001,"Atlantic County, New Jersey"
339953,318296,287910,12026,297264,15973,234151,3686,6212,0,21657,34003,"Bergen County, New Jersey"
166698,156495,141172,7469,142484,9055,115373,1415,6580,0,10203,34005,"Burlington County, New Jersey"
188840,172891,144953,9028,157186,16654,120500,1860,5060,36,15949,34007,"Camden County, New Jersey"
39208,36467,33301,2928,31956,1345,25155,521,1222,0,2741,34009,"Cape May County, New Jersey"
50034,44617,36827,2541,39105,3686,30451,1382,1043,8,5417,34011,"Cumberland County, New Jersey"
289921,266330,213513,9598,249697,34048,177094,1976,5184,0,23591,34013,"Essex County, New Jersey"
101414,95140,85475,5050,87276,5762,70029,652,2630,0,6274,34015,"Gloucester County, New Jersey"
263924,246399,212675,6155,236019,23132,159061,1937,6492,0,17525,34017,"Hudson County, New Jersey"
47733,45515,42626,2056,42238,1311,36805,227,996,0,2218,34019,"Hunterdon County, New Jersey"
132980,124528,106954,6289,114081,11555,83195,966,2131,0,8452,34021,"Mercer County, New Jersey"
285480,269001,236119,11571,249020,17640,195315,2918,6447,114,16479,34023,"Middlesex County, New Jersey"
236327,221863,202031,10214,204567,8505,175194,2139,7107,92,14464,34025,"Monmouth County, New Jersey"
181738,172181,162311,8168,158178,4808,132918,1635,5006,0,9557,34027,"Morris County, New Jersey"
228622,205540,184348,18854,175981,8942,139488,2698,6260,40,23082,34029,"Ocean County, New Jersey"
169521,156615,127367,4404,148441,19324,100468,982,3001,0,12906,34031,"Passaic County, New Jersey"
23952,22042,17896,1004,20334,2689,14230,122,253,0,1910,34033,"Salem County, New Jersey"
118729,114618,107325,3831,107237,3133,94920,1074,3759,37,4111,34035,"Somerset County, New Jersey"
53749,51259,47897,2075,47539,1603,40805,233,1845,0,2490,34037,"Sussex County, New Jersey"
192021,174469,151437,7433,163247,13869,125336,733,3110,47,17552,34039,"Union County, New Jersey"
41742,37737,33116,3088,32136,2015,26095,1089,714,58,4005,34041,"Warren County, New Jersey"
270655,250248,206795,12260,231122,31127,154399,1955,5528,75,20407,35001,"Bernalillo County, New Mexico"
22616,19376,14664,1432,17007,3118,12069,334,336,0,3240,35005,"Chaves County, New Mexico"
80409,70212,53994,2821,65984,11781,42227,52,1987,0,10197,35013,"Do√±a Ana County, New Mexico"
23215,21057,14277,337,20144,4554,11140,249,212,78,2158,35025,"Lea County, New Mexico"
21449,13598,7655,670,12149,4801,5901,318,557,0,7851,35031,"McKinley County, New Mexico"
23747,21840,18749,1588,19040,1573,13914,593,154,0,1907,35035,"Otero County, New Mexico"
53996,48489,41345,3249,43618,5334,24932,365,1472,0,5507,35043,"Sandoval County, New Mexico"
43707,36996,29912,2980,32153,3984,24940,772,1544,0,6711,35045,"San Juan County, New Mexico"
62707,55119,47674,2813,49741,4383,38826,972,2106,45,7588,35049,"Santa Fe County, New Mexico"
28379,25003,19455,1463,22544,4996,13765,0,864,0,3376,35061,"Valencia County, New Mexico"
126578,114748,96953,6417,103651,9779,80235,1096,3065,0,11830,36001,"Albany County, New York"
507370,449984,311163,15637,419934,90997,267252,6791,14889,95,57386,36005,"Bronx County, New York"
75539,68759,58401,5817,58901,6186,45375,1048,1284,0,6780,36007,"Broome County, New York"
32079,26799,21721,2195,22892,2592,17573,548,234,23,5280,36009,"Cattaraugus County, New York"
30083,26806,21876,2202,23024,2934,17065,718,301,0,3277,36011,"Cayuga County, New York"
53429,46451,39962,4632,38354,2809,29955,982,1527,50,6978,36013,"Chautauqua County, New York"
34325,30456,24766,1942,26418,3199,19836,447,811,0,3869,36015,"Chemung County, New York"
31392,28840,25556,2464,23037,1970,19694,350,415,0,2552,36019,"Clinton County, New York"
108071,101278,88840,6525,91248,5113,73681,1208,1887,0,6793,36027,"Dutchess County, New York"
390341,349864,292350,23737,307511,28940,241380,5792,8381,126,40477,36029,"Erie County, New York"
44657,40785,34308,1624,36519,3242,27134,833,1042,43,3872,36045,"Jefferson County, New York"
969317,862989,741849,32798,809353,76206,589462,8577,40347,181,106328,36047,"Kings County, New York"
23746,21860,19185,1443,19325,1138,14893,400,492,30,1886,36051,"Livingston County, New York"
26127,23602,20210,1213,20718,2253,17295,265,673,55,2525,36053,"Madison County, New York"
301668,275770,233686,15581,246428,21464,193212,3715,7710,105,25898,36055,"Monroe County, New York"
447123,421870,388050,20268,389100,17877,310674,3369,23662,70,25253,36059,"Nassau County, New York"
752258,695861,629554,23304,660964,43465,463760,3887,28800,266,56397,36061,"New York County, New York"
89765,79356,66897,5414,69558,7021,50779,1524,1724,65,10409,36063,"Niagara County, New York"
88871,79346,68169,4171,68827,5516,58150,2326,1636,0,9525,36065,"Oneida County, New York"
185046,163493,142982,12064,144714,12741,105702,2674,4034,41,21553,36067,"Onondaga County, New York"
44079,40692,36959,2366,36618,1385,30273,388,514,0,3387,36069,"Ontario County, New York"
128259,116218,96913,6871,104054,10190,80261,1930,3832,0,12041,36071,"Orange County, New York"
46270,41390,35395,2831,35251,2842,30191,852,623,0,4880,36075,"Oswego County, New York"
35425,33517,30902,1733,30069,992,26367,968,685,10,1908,36079,"Putnam County, New York"
788110,727774,606562,28818,678737,80304,456136,7516,17090,199,60336,36081,"Queens County, New York"
64614,60061,51306,4443,53243,4708,40376,363,1387,59,4553,36083,"Rensselaer County, New York"
167441,153692,133409,8458,137954,9713,113393,3261,4232,201,13749,36085,"Richmond County, New York"
99502,88477,78948,5536,78850,4270,64628,594,3431,0,11025,36087,"Rockland County, New York"
41680,36032,29865,3038,29812,2971,24738,1143,2534,0,5648,36089,"St. Lawrence County, New York"
94156,88679,79678,5307,78981,5408,61149,1090,2306,51,5477,36091,"Saratoga County, New York"
55262,50432,41287,3522,44053,3742,35648,822,876,0,4830,36093,"Schenectady County, New York"
40578,35590,30328,3237,30228,3091,22047,526,716,0,4988,36101,"Steuben County, New York"
496784,467856,429325,25905,424396,17943,340405,4674,12472,253,28928,36103,"Suffolk County, New York"
28900,25630,20609,2210,22384,2476,17496,223,564,0,3270,36105,"Sullivan County, New York"
40250,38483,34872,2521,34106,1171,26362,455,803,84,1767,36109,"Tompkins County, New York"
69154,64596,56015,4293,56967,4850,41664,846,3045,0,4558,36111,"Ulster County, New York"
28007,24347,21096,2741,19092,1232,16871,768,292,0,3660,36113,"Warren County, New York"
35927,31970,26869,1859,28452,2199,23112,908,845,0,3957,36117,"Wayne County, New York"
352498,327815,286769,14649,302484,21878,243473,2886,9810,0,24683,36119,"Westchester County, New York"
64700,57378,47347,2638,52208,6161,37256,1061,1604,0,7322,37001,"Alamance County, North Carolina"
56752,53603,46203,3431,47542,3292,39308,863,1038,0,3149,37019,"Brunswick County, North Carolina"
108411,96027,78944,3535,88618,10602,63488,1120,2025,0,12384,37021,"Buncombe County, North Carolina"
36157,31861,23378,2718,27568,5510,18279,699,559,0,4296,37023,"Burke County, North Carolina"
73751,70142,62378,2780,65570,4020,52776,532,1322,0,3609,37025,"Cabarrus County, North Carolina"
31544,27293,19983,1619,24264,4584,16519,428,372,0,4251,37027,"Caldwell County, North Carolina"
28720,26753,23065,1324,24268,2201,18434,532,1049,0,1967,37031,"Carteret County, North Carolina"
62861,56607,45996,3025,51621,6570,37525,736,1041,0,6254,37035,"Catawba County, North Carolina"
28343,25874,23021,1623,23074,1405,18390,149,280,0,2469,37037,"Chatham County, North Carolina"
34574,28405,22122,2121,24785,3725,16779,810,1401,0,6169,37045,"Cleveland County, North Carolina"
40412,37486,31099,2005,34116,3808,25787,178,2128,0,2926,37049,"Craven County, North Carolina"
127911,117600,96755,4565,109903,14340,77417,810,9202,105,10311,37051,"Cumberland County, North Carolina"
68761,61118,49103,3671,55273,6969,38245,542,803,44,7643,37057,"Davidson County, North Carolina"
127527,121670,106502,3416,114800,11488,81619,868,10530,0,5857,37063,"Durham County, North Carolina"
150437,138253,110005,5649,127227,21407,82196,1912,4028,28,12184,37067,"Forsyth County, North Carolina"
26380,23339,19800,949,21023,2418,15027,502,1986,0,3041,37069,"Franklin County, North Carolina"
84999,75886,62812,4853,68623,9157,47686,845,2571,0,9113,37071,"Gaston County, North Carolina"
209842,189359,161557,9993,173941,16436,128115,1496,4246,39,20483,37081,"Guilford County, North Carolina"
46015,42502,35295,1650,39966,5021,29559,262,875,0,3513,37085,"Harnett County, North Carolina"
49514,44766,37716,2708,39903,4471,30319,491,1504,0,4748,37089,"Henderson County, North Carolina"
68328,62711,54390,2844,57272,4830,43896,703,1608,0,5617,37097,"Iredell County, North Carolina"
70001,64027,54955,2751,59404,5552,41783,695,2078,0,5974,37101,"Johnston County, North Carolina"
34233,31886,25998,841,29946,4178,23232,431,541,0,2347,37109,"Lincoln County, North Carolina"
418135,400351,351007,12185,378465,30561,280488,3624,7807,40,17784,37119,"Mecklenburg County, North Carolina"
40756,36601,32532,2517,31884,2753,25158,344,1189,0,4155,37125,"Moore County, North Carolina"
37767,33542,26701,2259,29899,4660,19949,543,633,0,4225,37127,"Nash County, North Carolina"
98151,93018,82421,3257,87124,5780,66221,1114,2292,0,5133,37129,"New Hanover County, North Carolina"
66834,64394,56454,2011,60459,5271,44663,541,1299,0,2440,37133,"Onslow County, North Carolina"
53959,50631,47455,1553,48391,1816,39131,225,1567,0,3328,37135,"Orange County, North Carolina"
69288,62255,52237,2071,58404,6173,40605,632,444,0,7033,37147,"Pitt County, North Carolina"
54783,49837,38954,2877,44806,7773,30887,896,540,0,4946,37151,"Randolph County, North Carolina"
46026,38868,25825,2006,35361,9957,19187,643,1257,0,7158,37155,"Robeson County, North Carolina"
37476,28486,23396,2426,24580,3739,15944,503,398,0,8990,37157,"Rockingham County, North Carolina"
53806,47046,37229,2737,42166,5494,32168,927,628,0,6760,37159,"Rowan County, North Carolina"
26305,22134,18108,1417,19508,2386,14901,337,465,0,4171,37161,"Rutherford County, North Carolina"
29230,23524,18718,1683,20746,3262,13062,311,1062,0,5706,37171,"Surry County, North Carolina"
77696,73978,63635,2114,69564,5664,56812,607,2240,0,3718,37179,"Union County, North Carolina"
408473,396038,360673,10211,378430,19754,304424,2150,9518,0,12435,37183,"Wake County, North Carolina"
49019,42724,30849,2356,38492,7187,26973,939,790,0,6295,37191,"Wayne County, North Carolina"
30123,25891,20512,2272,22053,3402,15730,579,474,0,4232,37193,"Wilkes County, North Carolina"
31817,26628,19508,1662,23825,4625,15966,342,820,0,5189,37195,"Wilson County, North Carolina"
40736,37729,33766,1735,33864,1834,28503,644,1647,0,3007,38015,"Burleigh County, North Dakota"
74343,69466,60476,2461,64924,5760,48878,307,1520,0,4877,38017,"Cass County, North Dakota"
30916,28146,23796,740,26869,1804,19643,292,194,0,2770,38035,"Grand Forks County, North Dakota"
27887,24927,20020,1077,23075,3425,17365,341,403,0,2960,38101,"Ward County, North Dakota"
41204,36955,29992,2608,32713,3955,24478,483,607,0,4249,39003,"Allen County, Ohio"
35445,29614,22846,2552,25076,4132,18748,624,776,0,5831,39007,"Ashtabula County, Ohio"
22533,19965,16776,1443,17323,2042,12096,212,422,0,2568,39009,"Athens County, Ohio"
24742,20117,16257,1139,18098,2530,11869,283,565,0,4625,39013,"Belmont County, Ohio"
143040,132630,110931,5398,123430,14155,93486,1144,2359,91,10410,39017,"Butler County, Ohio"
55327,50284,39277,3111,44032,6177,32425,864,718,30,5043,39023,"Clark County, Ohio"
77920,72215,65377,3721,64984,3142,52775,594,1011,0,5705,39025,"Clermont County, Ohio"
41884,36332,28090,2039,32576,4969,22429,485,350,0,5552,39029,"Columbiana County, Ohio"
542122,484796,393145,26508,437908,57060,313799,6717,10012,145,57326,39035,"Cuyahoga County, Ohio"
70501,69078,63698,1943,65400,3063,56957,363,1996,0,1423,39041,"Delaware County, Ohio"
31675,28788,24543,2869,24711,2058,18708,310,835,0,2887,39043,"Erie County, Ohio"
55934,51556,45099,3388,45916,3676,36597,551,986,0,4378,39045,"Fairfield County, Ohio"
519468,487921,406115,16639,456595,52252,339976,4031,16515,198,31547,39049,"Franklin County, Ohio"
35387,31533,27906,1656,28334,1622,24006,402,454,0,3854,39055,"Geauga County, Ohio"
66053,61005,53485,2174,56925,4328,45411,476,977,0,5048,39057,"Greene County, Ohio"
344562,314575,265210,14990,288125,28258,210404,3060,17939,139,29987,39061,"Hamilton County, Ohio"
31606,29276,23841,1811,26297,2336,20973,561,1062,0,2330,39063,"Hancock County, Ohio"
27292,22011,16721,1549,19346,3269,13424,270,442,0,5281,39081,"Jefferson County, Ohio"
96577,90290,78743,5383,80163,6371,63886,1191,2661,27,6287,39085,"Lake County, Ohio"
62237,57298,50041,2991,51065,3308,43273,697,1905,0,4939,39089,"Licking County, Ohio"
121344,113148,99261,9607,98715,7443,74407,1230,2425,0,8196,39093,"Lorain County, Ohio"
178289,161733,125965,7710,146479,19634,109675,2372,2888,156,16556,39095,"Lucas County, Ohio"
97365,86026,68809,6366,74841,9681,55686,1989,1314,0,11339,39099,"Mahoning County, Ohio"
24205,21948,16105,1265,19463,3461,13415,193,506,121,2257,39101,"Marion County, Ohio"
70609,66715,60634,2953,60740,3259,50108,709,1439,0,3894,39103,"Medina County, Ohio"
41148,37220,30783,2432,33648,3960,25293,482,785,0,3928,39109,"Miami County, Ohio"
224225,203538,164068,10956,183999,23494,132399,3005,3902,0,20687,39113,"Montgomery County, Ohio"
34471,30345,24780,2333,26186,2819,20989,606,668,0,4126,39119,"Muskingum County, Ohio"
60801,55835,48678,3061,49989,3829,40338,833,1123,0,4966,39133,"Portage County, Ohio"
48105,40628,33683,3485,34804,3509,26019,692,1099,0,7477,39139,"Richland County, Ohio"
29779,26239,21149,2055,22244,2667,18106,891,547,0,3540,39141,"Ross County, Ohio"
28719,25187,19349,970,22492,3006,16869,388,654,0,3532,39145,"Scioto County, Ohio"
152210,136562,110194,6633,121862,14709,95342,1997,3192,0,15648,39151,"Stark County, Ohio"
226243,205924,173499,12342,185551,18311,140405,2622,5437,87,20319,39153,"Summit County, Ohio"
83303,72800,58046,4741,65261,8602,48568,497,1105,0,10503,39155,"Trumbull County, Ohio"
36740,32281,23724,1827,28780,4099,22572,456,751,22,4459,39157,"Tuscarawas County, Ohio"
83540,80591,73715,2482,75559,3722,65661,909,1734,29,2949,39165,"Warren County, Ohio"
43908,37666,32881,2381,33413,2422,24851,607,736,0,6242,39169,"Wayne County, Ohio"
50694,47790,41352,2542,43442,3219,33812,482,570,0,2904,39173,"Wood County, Ohio"
45344,42784,37756,1513,39765,3439,32000,132,1190,0,2560,40017,"Canadian County, Oklahoma"
110775,104885,90744,3420,99582,9293,72994,631,2614,0,5890,40027,"Cleveland County, Oklahoma"
42489,39368,30891,1749,37018,5899,24842,177,739,0,3121,40031,"Comanche County, Oklahoma"
26957,24167,18235,1417,22018,3872,15057,191,3280,0,2790,40037,"Creek County, Oklahoma"
26566,22845,17853,782,21242,3489,12272,321,1922,0,3721,40101,"Muskogee County, Oklahoma"
302645,277983,219445,10703,261101,39899,176524,1989,8031,112,24662,40109,"Oklahoma County, Oklahoma"
30734,28837,23691,1172,26683,3069,19422,179,740,0,1897,40119,"Payne County, Oklahoma"
26714,23730,17864,1166,21949,4003,14547,250,531,0,2984,40125,"Pottawatomie County, Oklahoma"
35254,33299,26519,1458,31096,4355,22487,294,688,0,1955,40131,"Rogers County, Oklahoma"
250492,232795,188839,8562,217915,29440,153611,1540,6035,0,17697,40143,"Tulsa County, Oklahoma"
30186,28356,23878,927,26680,2514,20406,151,1160,0,1830,40145,"Wagoner County, Oklahoma"
35520,34172,31678,1451,31299,1521,24700,227,1210,0,1348,41003,"Benton County, Oregon"
158749,151173,139470,8190,138259,5737,113078,1215,4025,0,7576,41005,"Clackamas County, Oregon"
79950,76811,70078,3113,71868,3217,54371,423,2131,0,3139,41017,"Deschutes County, Oregon"
45647,41312,36192,3827,35543,3129,25843,242,633,0,4335,41019,"Douglas County, Oregon"
89787,85224,72262,3850,78045,8341,55130,1311,2389,0,4563,41029,"Jackson County, Oregon"
37059,34437,28404,2875,28642,3960,21668,772,1186,0,2622,41033,"Josephine County, Oregon"
26798,24545,19558,1539,21459,2683,16086,527,619,0,2253,41035,"Klamath County, Oregon"
156072,147852,129557,9006,132240,11440,97287,757,3609,0,8220,41039,"Lane County, Oregon"
48464,45112,38094,2509,40738,3964,29819,258,485,0,3352,41043,"Linn County, Oregon"
119511,113504,93554,5584,103030,11703,74207,1892,2095,40,6007,41047,"Marion County, Oregon"
330223,313993,278785,9919,297293,22960,215941,2099,6950,0,16230,41051,"Multnomah County, Oregon"
31218,29947,26033,1757,26722,1493,21173,253,977,0,1271,41053,"Polk County, Oregon"
26048,23525,19663,976,21412,1723,16634,315,543,0,2523,41059,"Umatilla County, Oregon"
225955,219361,199725,7970,205625,10835,162669,1818,6745,0,6594,41067,"Washington County, Oregon"
37235,34198,30714,2138,30324,863,25112,377,1072,0,3037,41071,"Yamhill County, Oregon"
39570,35438,30095,2662,30854,2979,22515,402,1179,75,4132,42001,"Adams County, Pennsylvania"
543369,492748,423214,27875,442876,37644,341169,8096,10712,74,50621,42003,"Allegheny County, Pennsylvania"
27332,23305,19398,2027,19212,1877,15455,739,730,47,4027,42005,"Armstrong County, Pennsylvania"
73059,65150,53728,4732,57535,7012,41647,502,1148,0,7909,42007,"Beaver County, Pennsylvania"
157006,140835,116958,8395,125895,13401,93271,2199,4753,151,16171,42011,"Berks County, Pennsylvania"
51096,44563,36405,3524,38250,5835,23004,823,446,0,6533,42013,"Blair County, Pennsylvania"
239962,224426,204804,10311,205377,9986,171064,2595,4857,0,15536,42017,"Bucks County, Pennsylvania"
77764,69909,60829,4482,61311,3951,49573,1693,1215,0,7855,42019,"Butler County, Pennsylvania"
56483,47274,38595,4282,38898,4438,30829,1522,1312,35,9209,42021,"Cambria County, Pennsylvania"
25177,22212,18196,2232,18649,1703,15432,683,466,0,2965,42025,"Carbon County, Pennsylvania"
58514,54021,49856,4043,48064,1908,37176,443,2330,0,4493,42027,"Centre County, Pennsylvania"
192746,181591,166158,7764,167691,8626,135540,911,4973,69,11155,42029,"Chester County, Pennsylvania"
31992,27618,23184,2617,23106,1962,17810,717,561,0,4374,42033,"Clearfield County, Pennsylvania"
26655,23104,19198,2243,19519,2342,14129,354,354,18,3551,42037,"Columbia County, Pennsylvania"
34386,30534,25667,3040,24617,2273,20165,782,855,45,3852,42039,"Crawford County, Pennsylvania"
102243,93642,85091,6193,81786,4003,65500,1950,2077,0,8601,42041,"Cumberland County, Pennsylvania"
112559,100349,82698,7053,88646,10425,61326,1922,5636,120,12210,42043,"Dauphin County, Pennsylvania"
207499,192335,164158,9066,175508,17987,135813,2045,4022,0,15164,42045,"Delaware County, Pennsylvania"
109797,99226,80567,6246,86883,12018,64390,2022,2518,14,10571,42049,"Erie County, Pennsylvania"
56085,46577,36597,3227,40673,4995,30892,889,806,45,9508,42051,"Fayette County, Pennsylvania"
59834,52587,45347,4266,45295,3479,36216,393,1525,111,7247,42055,"Franklin County, Pennsylvania"
33098,28166,24232,2715,24136,2331,18188,353,838,0,4932,42063,"Indiana County, Pennsylvania"
88268,78054,65752,4575,69753,7190,50365,1279,1324,0,10214,42069,"Lackawanna County, Pennsylvania"
202490,178584,156746,11255,157781,12336,121359,2258,5026,71,23906,42071,"Lancaster County, Pennsylvania"
37497,33138,27459,2264,28552,3196,21504,543,304,0,4359,42073,"Lawrence County, Pennsylvania"
54522,48370,41084,3707,41594,3312,35391,791,1145,0,6152,42075,"Lebanon County, Pennsylvania"
138586,125750,105885,6125,114110,11717,87621,1923,3470,0,12836,42077,"Lehigh County, Pennsylvania"
128301,111582,88146,7795,98798,14664,70035,1586,2931,0,16719,42079,"Luzerne County, Pennsylvania"
44585,39568,33385,3403,32546,2976,27548,1121,1057,0,5017,42081,"Lycoming County, Pennsylvania"
46809,40032,33107,2958,34929,3638,26552,427,699,16,6777,42085,"Mercer County, Pennsylvania"
55109,51142,45445,3429,45751,2868,35611,500,1431,0,3967,42089,"Monroe County, Pennsylvania"
313336,297278,271697,13201,274101,12460,226229,3339,7776,82,16058,42091,"Montgomery County, Pennsylvania"
114996,103676,90104,5903,93372,6940,71497,913,5289,102,11320,42095,"Northampton County, Pennsylvania"
38816,32302,25779,2558,27900,4140,20096,691,872,40,6514,42097,"Northumberland County, Pennsylvania"
608233,535555,418611,22311,494967,75874,334176,6329,11811,71,72678,42101,"Philadelphia County, Pennsylvania"
58458,48816,41113,4209,41213,4352,30474,859,899,0,9642,42107,"Schuylkill County, Pennsylvania"
28796,23338,19502,2493,19315,1761,15703,529,424,13,5458,42111,"Somerset County, Pennsylvania"
85835,76469,64066,4352,67903,7093,53961,1144,1106,10,9366,42125,"Washington County, Pennsylvania"
150368,134120,115450,10098,115445,10727,89627,2444,2974,61,16248,42129,"Westmoreland County, Pennsylvania"
173958,157877,132650,8322,143224,13939,112437,1992,3692,75,16081,42133,"York County, Pennsylvania"
69115,62650,55855,3347,55987,3514,46151,740,1515,0,6465,44003,"Kent County, Rhode Island"
34316,31736,28803,2619,27588,1303,22880,374,1350,0,2580,44005,"Newport County, Rhode Island"
237038,207634,168688,10561,189910,20641,140966,2250,3965,66,29404,44007,"Providence County, Rhode Island"
47680,45424,41024,2280,40575,1411,35747,830,1838,0,2256,44009,"Washington County, Rhode Island"
68609,61741,48013,2974,56754,9572,38601,712,967,0,6868,45003,"Aiken County, South Carolina"
78500,70796,54876,3479,64777,9135,47834,1106,1709,0,7704,45007,"Anderson County, South Carolina"
74679,71091,59795,1926,66116,6830,53940,1060,2050,73,3588,45013,"Beaufort County, South Carolina"
78168,72804,60738,4282,66474,7980,49511,581,2007,0,5364,45015,"Berkeley County, South Carolina"
160457,151084,119649,4461,142971,23438,85206,1512,3308,104,9373,45019,"Charleston County, South Carolina"
25308,19772,14170,1408,17441,3877,11508,441,669,0,5536,45031,"Darlington County, South Carolina"
55799,53575,45152,2090,49684,5967,34966,668,1272,0,2224,45035,"Dorchester County, South Carolina"
50518,44153,34037,2097,40539,7592,25652,451,315,0,6365,45041,"Florence County, South Carolina"
192556,176584,148036,7922,162940,18087,121575,1756,4553,0,15972,45045,"Greenville County, South Carolina"
27962,23532,16971,1308,21512,4484,13176,238,208,0,4430,45047,"Greenwood County, South Carolina"
131180,122384,98929,6346,110105,16417,72166,1314,10555,61,8796,45051,"Horry County, South Carolina"
24756,22514,19156,1430,20118,1632,15638,401,2988,0,2242,45055,"Kershaw County, South Carolina"
35710,32816,25727,1328,30457,4789,22503,429,2491,0,2894,45057,"Lancaster County, South Carolina"
25423,20856,15226,986,19426,3526,12876,190,938,0,4567,45059,"Laurens County, South Carolina"
115566,106203,89089,3620,99985,10899,76372,962,1938,40,9363,45063,"Lexington County, South Carolina"
31612,26826,21915,2373,23604,2907,18656,0,719,0,4786,45073,"Oconee County, South Carolina"
33561,28506,20318,1284,26410,5145,16330,345,493,0,5055,45075,"Orangeburg County, South Carolina"
48185,42948,34219,1883,39197,4535,30407,572,857,77,5237,45077,"Pickens County, South Carolina"
152227,143986,120782,4464,135923,15383,95710,1348,20072,0,8241,45079,"Richland County, South Carolina"
116018,103498,83883,5123,94606,11363,69314,1232,2146,61,12520,45083,"Spartanburg County, South Carolina"
40396,35352,27418,1244,32888,5385,21162,412,1307,0,5044,45085,"Sumter County, South Carolina"
100623,94575,81115,3164,89495,7435,68288,543,14668,0,6048,45091,"York County, South Carolina"
76630,71368,61581,3170,65926,5926,48435,749,1646,0,5262,46099,"Minnehaha County, South Dakota"
44794,40973,34189,2801,36068,3745,26902,622,2388,0,3821,46103,"Pennington County, South Dakota"
29505,26829,20981,1297,24123,2397,19529,428,862,0,2676,47001,"Anderson County, Tennessee"
51446,46314,39276,2554,41673,4096,30128,671,1459,92,5132,47009,"Blount County, Tennessee"
39104,34702,27345,1245,31996,3675,24145,712,355,0,4402,47011,"Bradley County, Tennessee"
283445,266714,222329,10281,249303,26581,181213,1975,27212,0,16731,47037,"Davidson County, Tennessee"
27316,23846,17936,1541,21225,3560,15597,267,545,0,3470,47059,"Greene County, Tennessee"
146057,132588,111722,5627,122897,13453,88878,1119,3371,0,13469,47065,"Hamilton County, Tennessee"
185416,170004,143078,6059,159886,17723,119991,1099,4713,0,15412,47093,"Knox County, Tennessee"
39223,35486,26731,2382,31634,6640,20855,375,194,0,3737,47113,"Madison County, Tennessee"
34361,31470,26817,1568,28908,3190,22254,85,724,0,2891,47119,"Maury County, Tennessee"
72973,69879,59885,2317,65720,5938,50550,318,1450,0,3094,47125,"Montgomery County, Tennessee"
33388,30404,24721,1508,27731,2644,20292,513,487,0,2984,47141,"Putnam County, Tennessee"
26375,24237,19453,420,23395,3058,15551,91,782,0,2138,47147,"Robertson County, Tennessee"
115376,109975,94810,3593,104218,8513,78702,513,7760,0,5401,47149,"Rutherford County, Tennessee"
36861,33051,25427,1473,29813,3417,22527,1083,614,0,3810,47155,"Sevier County, Tennessee"
352648,299329,229191,10949,279934,47028,193729,3720,7430,69,53319,47157,"Shelby County, Tennessee"
64504,56805,45744,3612,49572,6598,37475,668,1931,0,7699,47163,"Sullivan County, Tennessee"
68439,63714,52135,2124,59197,6070,45912,1242,1360,0,4725,47165,"Sumner County, Tennessee"
54433,48983,39057,1928,45093,6168,34163,500,1764,55,5450,47179,"Washington County, Tennessee"
80601,78435,75611,1278,75743,1298,66378,0,5114,326,2166,47187,"Williamson County, Tennessee"
52489,49222,43070,1628,45931,3214,37700,242,1562,126,3267,47189,"Wilson County, Tennessee"
29898,27305,22762,1454,24337,2547,19287,244,564,0,2593,48005,"Angelina County, Texas"
25334,22616,17270,800,21392,2511,14738,347,529,0,2718,48021,"Bastrop County, Texas"
123188,113934,98380,6315,101955,7673,82916,2441,2319,0,9254,48027,"Bell County, Texas"
644193,599824,472098,18953,567142,87372,391529,4330,27489,0,44369,48029,"Bexar County, Texas"
35228,28762,23046,1375,26724,3622,12187,258,399,0,6466,48037,"Bowie County, Texas"
120802,112721,95788,3279,107189,12773,74796,394,2623,93,8081,48039,"Brazoria County, Texas"
81030,77581,68546,2174,73422,4805,57480,677,2624,0,3449,48041,"Brazos County, Texas"
124812,103473,69863,3363,97246,23302,61573,1017,1499,0,21339,48061,"Cameron County, Texas"
344824,339237,316964,7268,327545,14398,258685,1025,17729,0,5587,48085,"Collin County, Texas"
53182,50023,44123,1681,47188,4270,38310,398,2122,0,3159,48091,"Comal County, Texas"
21491,19416,15998,1288,17487,1950,12369,79,229,6,2075,48099,"Coryell County, Texas"
937438,857816,688900,23665,818981,119555,557983,3964,67974,190,79622,48113,"Dallas County, Texas"
297899,291597,265203,5333,281519,15707,233508,741,9055,0,6302,48121,"Denton County, Texas"
54326,50290,35073,1642,47544,8762,29752,776,2233,0,4036,48135,"Ector County, Texas"
58633,56550,47502,1192,53645,6460,39981,231,1456,0,2083,48139,"Ellis County, Texas"
270160,242853,185370,6123,232160,41929,147525,1747,4520,0,27307,48141,"El Paso County, Texas"
245410,238410,221399,4008,230281,9801,191675,1226,5548,74,7000,48157,"Fort Bend County, Texas"
121976,113916,95023,2655,109446,11569,78974,651,3367,0,8060,48167,"Galveston County, Texas"
48963,45238,35024,1697,42934,7408,27395,84,1178,0,3725,48181,"Grayson County, Texas"
45513,41130,29325,1546,38874,8849,24677,233,601,0,4383,48183,"Gregg County, Texas"
54789,51249,43692,1801,47942,4877,36589,368,1302,0,3540,48187,"Guadalupe County, Texas"
1600357,1494324,1202852,37706,1427346,200260,998502,8649,38912,156,106033,48201,"Harris County, Texas"
22928,19904,15950,1223,18193,2266,11662,154,425,0,3024,48203,"Harrison County, Texas"
75164,72177,62736,1658,69088,6970,48178,250,1806,0,2987,48209,"Hays County, Texas"
30843,26604,19440,1287,24285,4891,14954,218,316,12,4239,48213,"Henderson County, Texas"
237323,199322,131925,6210,188377,49405,108933,1949,3425,0,38001,48215,"Hidalgo County, Texas"
34132,31608,24588,1254,29512,5241,20645,267,694,0,2524,48231,"Hunt County, Texas"
90839,81520,56896,2692,76700,16262,49025,757,1652,83,9319,48245,"Jefferson County, Texas"
59180,55953,45869,1500,53968,6359,38562,150,1234,0,3227,48251,"Johnson County, Texas"
39049,35515,28832,860,33998,4589,24650,215,5113,0,3534,48257,"Kaufman County, Texas"
27468,23281,16971,1117,21268,4425,12859,338,626,0,4187,48291,"Liberty County, Texas"
115686,107416,84970,1983,103466,14344,73598,631,2742,0,8270,48303,"Lubbock County, Texas"
92158,81549,64373,2683,76230,11998,51360,973,1619,0,10609,48309,"McLennan County, Texas"
57636,54356,43756,863,52326,7367,34659,353,1363,0,3280,48329,"Midland County, Texas"
202797,195652,168316,5724,187012,16165,137315,1108,4954,0,7145,48339,"Montgomery County, Texas"
23442,20500,15879,506,19456,2659,14268,232,317,0,2942,48347,"Nacogdoches County, Texas"
129987,116753,78632,3577,110316,22469,69321,913,13587,0,13234,48355,"Nueces County, Texas"
30047,26975,20459,877,25486,4245,15820,187,221,0,3072,48361,"Orange County, Texas"
46238,43889,37789,875,42025,4126,30435,264,970,0,2349,48367,"Parker County, Texas"
45550,40998,27916,1318,38811,9958,20507,224,376,0,4552,48375,"Potter County, Texas"
49457,47611,40817,1613,45111,3866,33664,89,1840,11,1846,48381,"Randall County, Texas"
34590,33925,30684,563,33090,2250,27698,62,1011,0,665,48397,"Rockwall County, Texas"
22202,19129,14026,723,17978,2699,12845,215,368,0,3073,48409,"San Patricio County, Texas"
77330,72904,46769,2164,67340,7115,55607,1826,1471,35,4426,48423,"Smith County, Texas"
722473,693257,571675,18132,663042,81192,486945,2597,19942,93,29216,48439,"Tarrant County, Texas"
49811,45743,36023,1780,42797,7302,27029,601,844,0,4068,48441,"Taylor County, Texas"
43301,39763,30288,1000,37145,6842,22958,531,1437,0,3538,48451,"Tom Green County, Texas"
486548,471154,419203,10219,451224,29303,343444,2942,12442,75,15394,48453,"Travis County, Texas"
31918,27337,19070,1092,25419,5681,16005,360,468,54,4581,48469,"Victoria County, Texas"
22693,20669,17393,817,19699,3098,8574,0,557,0,2024,48471,"Walker County, Texas"
75300,64670,45483,1776,60611,13372,38510,1363,2299,0,10630,48479,"Webb County, Texas"
46757,42316,33475,1865,39411,5250,29129,493,1014,0,4441,48485,"Wichita County, Texas"
185345,180719,166229,4925,172852,7859,143659,695,6112,0,4626,48491,"Williamson County, Texas"
22864,21496,17747,721,20322,2461,14863,266,378,0,1368,48497,"Wise County, Texas"
39224,37929,34167,1039,35681,2036,29237,218,1395,0,1295,49005,"Cache County, Utah"
104462,102241,93327,2924,97356,5203,81296,519,2477,0,2221,49011,"Davis County, Utah"
381831,367385,329542,11534,346894,23303,269560,1568,11331,46,14446,49035,"Salt Lake County, Utah"
20411,19426,17224,972,18039,1233,13047,99,349,0,985,49045,"Tooele County, Utah"
171117,168065,158189,3187,161875,5233,137991,852,5678,51,3052,49049,"Utah County, Utah"
59863,57202,51546,3371,51173,2158,43115,638,2004,0,2661,49053,"Washington County, Utah"
85615,81465,72054,2474,77140,4180,60950,491,2166,0,4150,49057,"Weber County, Utah"
66095,62458,56920,4225,55615,2129,42113,854,1829,0,3637,50007,"Chittenden County, Vermont"
41956,39870,35639,2364,36047,2267,25734,440,4038,0,2086,51003,"Albemarle County, Virginia"
109940,104636,99733,2135,100459,1864,82459,397,12722,0,5304,51013,"Arlington County, Virginia"
29783,26307,21291,1134,24155,2736,16562,292,144,0,3476,51015,"Augusta County, Virginia"
31271,28393,24289,1769,25563,2682,17963,203,946,0,2878,51019,"Bedford County, Virginia"
126748,120585,109136,4969,112426,6938,93569,589,2020,0,6163,51041,"Chesterfield County, Virginia"
396628,386510,367359,11367,367215,10786,307334,1418,19589,0,10118,51059,"Fairfax County, Virginia"
25134,24030,22051,997,22382,1449,18989,137,574,0,1104,51061,"Fauquier County, Virginia"
31551,28700,26132,1821,25970,1499,19880,113,528,0,2851,51069,"Frederick County, Virginia"
39929,37442,34459,1800,34512,2004,23920,88,673,0,2487,51085,"Hanover County, Virginia"
129408,120960,106228,5279,111339,9245,80019,1254,1732,30,8448,51087,"Henrico County, Virginia"
29849,28792,26858,1310,26173,1459,19942,0,483,0,1057,51095,"James City County, Virginia"
133417,130543,124881,2610,125486,3300,107822,792,5896,0,2874,51107,"Loudoun County, Virginia"
34585,31920,26700,723,30090,2688,23170,189,267,0,2665,51121,"Montgomery County, Virginia"
143861,140592,129329,3778,133765,6168,114005,657,4463,42,3269,51153,"Prince William County, Virginia"
38061,34723,30140,1935,31184,2962,24219,287,1581,0,3338,51161,"Roanoke County, Virginia"
31462,27907,23780,2259,24643,2890,16982,224,516,0,3555,51165,"Rockingham County, Virginia"
45223,43649,38968,1847,39889,2159,33858,493,1379,0,1574,51177,"Spotsylvania County, Virginia"
48418,47386,43256,812,45347,1772,38302,152,952,0,1032,51179,"Stafford County, Virginia"
24996,23411,22309,1058,21652,558,17848,28,346,0,1585,51199,"York County, Virginia"
71740,67628,61873,1530,64906,2807,49203,391,2521,0,4112,51510,"Alexandria city, Virginia"
86122,81630,72941,3649,75720,5172,61728,591,2735,0,4492,51550,"Chesapeake city, Virginia"
54800,49821,43760,2590,45295,3602,34084,760,1345,0,4979,51650,"Hampton city, Virginia"
28500,25520,20826,1502,23785,3759,15821,191,1193,0,2980,51680,"Lynchburg city, Virginia"
71291,64875,53922,3938,58328,8031,37215,630,1857,74,6416,51700,"Newport News city, Virginia"
89338,82739,64156,3256,78112,11832,51800,660,1841,40,6599,51710,"Norfolk city, Virginia"
34578,31268,22594,1380,29209,6249,17710,288,560,0,3310,51740,"Portsmouth city, Virginia"
91359,82121,66402,2697,76470,10993,51425,1172,1631,0,9238,51760,"Richmond city, Virginia"
41353,34696,26388,921,32566,6752,20575,269,1696,0,6657,51770,"Roanoke city, Virginia"
34890,31615,26118,1485,29448,3711,22393,43,431,0,3275,51800,"Suffolk city, Virginia"
172183,165042,147362,4382,155953,10061,124727,1396,4216,0,7141,51810,"Virginia Beach city, Virginia"
71921,67784,58161,2659,61844,5396,50221,466,1168,72,4137,53005,"Benton County, Washington"
31587,29379,24564,1004,26887,3003,19045,338,289,0,2208,53007,"Chelan County, Washington"
33265,29950,26830,3027,25338,1810,19121,368,285,0,3315,53009,"Clallam County, Washington"
178980,170753,154176,7803,156596,9146,126421,705,4348,44,8227,53011,"Clark County, Washington"
43279,39444,32011,2378,35686,2997,27697,604,1258,0,3835,53015,"Cowlitz County, Washington"
27067,25754,19969,308,24918,3539,18658,0,373,0,1313,53021,"Franklin County, Washington"
30806,28090,21115,1495,25580,3968,18764,242,505,0,2716,53025,"Grant County, Washington"
27674,25017,19973,2074,21358,3818,14771,368,566,0,2657,53027,"Grays Harbor County, Washington"
34572,32839,30601,1679,29926,1214,24502,104,865,0,1733,53029,"Island County, Washington"
897476,861049,788706,27210,817680,38910,637101,4342,29629,142,36427,53033,"King County, Washington"
105411,100844,92899,4382,92720,4601,74603,859,2097,0,4567,53035,"Kitsap County, Washington"
30327,27838,23890,2073,24667,2380,18917,55,359,0,2489,53041,"Lewis County, Washington"
25864,24049,20518,1520,20405,1860,16050,579,346,0,1815,53045,"Mason County, Washington"
328519,312005,272101,12092,290850,22933,225343,2188,11616,47,16514,53053,"Pierce County, Washington"
48474,45616,40274,3018,40891,2434,32377,276,1617,0,2858,53057,"Skagit County, Washington"
300215,290008,259639,11189,271487,16668,215212,1715,5883,0,10207,53061,"Snohomish County, Washington"
206191,192835,168572,8808,176624,11559,134687,2219,4273,45,13356,53063,"Spokane County, Washington"
110713,103987,93930,5127,94646,5146,76704,1115,2688,105,6726,53067,"Thurston County, Washington"
87080,81642,73180,4502,74069,4376,57624,867,1571,0,5438,53073,"Whatcom County, Washington"
83320,75971,54422,3487,69210,13164,45333,1024,1514,136,7349,53077,"Yakima County, Washington"
45800,41923,34796,1790,38237,3801,28558,597,846,0,3877,54003,"Berkeley County, West Virginia"
38024,33876,22688,2129,30479,6759,21047,433,840,0,4148,54011,"Cabell County, West Virginia"
26878,23580,17962,1501,21123,4280,14050,433,636,0,3298,54033,"Harrison County, West Virginia"
78482,69409,47743,4210,62274,13023,43767,830,2330,0,9073,54039,"Kanawha County, West Virginia"
40603,38391,33641,1666,35329,1959,27828,333,742,0,2212,54061,"Monongalia County, West Virginia"
31169,25671,19381,1813,21901,3582,16028,733,358,56,5498,54081,"Raleigh County, West Virginia"
36064,31406,24791,1524,27650,3198,20416,458,339,0,4658,54107,"Wood County, West Virginia"
104470,95538,81613,5635,85302,7137,69893,1267,3323,75,8932,55009,"Brown County, Wisconsin"
226350,215750,197655,10102,198661,9249,152982,2394,4825,237,10600,55025,"Dane County, Wisconsin"
35221,31602,26427,1800,28396,3092,21209,257,796,0,3619,55027,"Dodge County, Wisconsin"
40421,37594,33773,2171,33222,2021,26866,718,863,0,2827,55035,"Eau Claire County, Wisconsin"
41009,35818,31417,2666,31885,2321,24906,441,599,10,5191,55039,"Fond du Lac County, Wisconsin"
33180,30745,26821,1728,27523,2884,19661,270,617,0,2435,55055,"Jefferson County, Wisconsin"
62950,58007,48291,2458,53952,5971,38885,766,1222,0,4943,55059,"Kenosha County, Wisconsin"
47924,43985,38929,2721,38912,2732,30899,497,808,0,3939,55063,"La Crosse County, Wisconsin"
35259,31284,26639,2714,27029,3081,19322,494,349,0,3975,55071,"Manitowoc County, Wisconsin"
56245,50454,43882,3448,44664,3209,35600,568,1060,0,5791,55073,"Marathon County, Wisconsin"
384281,335706,271393,16975,306367,41106,218254,4408,10876,105,48575,55079,"Milwaukee County, Wisconsin"
74603,69102,59567,3505,61994,4921,48974,1369,2179,48,5501,55087,"Outagamie County, Wisconsin"
36261,33801,31788,2017,30145,827,25966,165,1450,0,2460,55089,"Ozaukee County, Wisconsin"
29193,26564,22325,1892,23409,2522,17802,409,562,0,2629,55097,"Portage County, Wisconsin"
76808,70954,59461,4012,63993,6147,49336,863,1959,69,5854,55101,"Racine County, Wisconsin"
64632,58315,48926,3408,52166,5899,39223,858,741,84,6317,55105,"Rock County, Wisconsin"
34422,31835,27611,1628,28975,1934,23801,564,1049,0,2587,55109,"St. Croix County, Wisconsin"
46308,41881,36315,2497,36982,2564,28178,439,845,0,4427,55117,"Sheboygan County, Wisconsin"
40864,37644,33142,2005,34489,2421,26214,302,468,0,3220,55127,"Walworth County, Wisconsin"
55488,51865,47356,3352,46217,2019,36953,538,930,0,3623,55131,"Washington County, Wisconsin"
158368,149379,137302,8903,135721,6099,113056,1286,4281,0,8989,55133,"Waukesha County, Wisconsin"
71332,65375,54610,3827,58940,4462,44496,957,1217,0,5957,55139,"Winnebago County, Wisconsin"
32274,28624,24435,2322,23684,2486,19992,753,945,0,3650,55141,"Wood County, Wisconsin"
39678,36384,32331,1363,33408,1873,26132,140,654,0,3294,56021,"Laramie County, Wyoming"
32240,30362,25787,2136,27116,2735,20832,193,658,0,1878,56025,"Natrona County, Wyoming"
30206,21164,12074,719,19304,7347,9198,695,66,0,9042,72013,"Arecibo Municipio, Puerto Rico"
64932,56009,33470,2135,51987,16290,26483,793,573,0,8923,72021,"Bayam√≥n Municipio, Puerto Rico"
47374,37853,24203,1742,34728,9284,20970,347,753,0,9521,72025,"Caguas Municipio, Puerto Rico"
61313,50048,30570,2189,46547,14929,22902,655,100,0,11265,72031,"Carolina Municipio, Puerto Rico"
27857,23102,15239,535,21995,5064,13874,358,597,0,4755,72061,"Guaynabo Municipio, Puerto Rico"
30909,24805,12988,865,22856,8903,11678,386,0,0,6104,72097,"Mayag√ºez Municipio, Puerto Rico"
53450,36068,25939,4203,30774,7922,11988,593,625,0,17382,72113,"Ponce Municipio, Puerto Rico"
147267,91339,61138,6683,81283,21953,43668,1191,4211,0,55928,72127,"San Juan Municipio, Puerto Rico"
21511,18109,9721,380,17579,7816,5182,39,0,0,3402,72135,"Toa Alta Municipio, Puerto Rico"
26085,22944,12758,383,22146,9052,8807,105,158,0,3141,72137,"Toa Baja Municipio, Puerto Rico"
23195,19110,12273,581,18130,5473,9619,185,74,0,4085,72139,"Trujillo Alto Municipio, Puerto Rico"
121520180,111569541,94135012,5126192,102599378,10692656,75988652,1144837,3360731,25252,9950639,0100000US,United States
