id,total,i_under_050,i_050_074,i_075_099,i_100_124,i_125_149,i_150_174,i_175_184,i_185_199,i_200_299,i_300_399,i_400_499,i_500_over
1003,55354,1535,1088,936,1791,2625,2586,1124,1139,9483,8228,6709,18110
1015,30110,1124,1424,2222,1708,1919,1026,504,513,4473,5079,2854,7264
1043,21587,1183,765,717,516,1222,833,1096,902,5114,2609,1663,4967
1049,19148,1027,1081,1385,944,989,859,832,480,3454,2796,1718,3583
1051,22103,988,279,135,631,450,1406,322,300,4272,4482,3229,5609
1055,26319,1337,1138,1229,1520,1154,1226,763,482,4748,4136,2402,6184
1069,25002,1193,938,808,1162,1054,1084,382,684,4231,3307,3327,6832
1073,159115,7194,4648,5930,5152,5222,6789,3070,2404,23520,23556,16289,55341
1077,27140,1176,931,794,1100,771,1099,240,998,5066,4321,3709,6935
1081,37314,2114,809,1515,1295,1649,1049,1460,1357,4179,5494,4480,11913
1083,23006,562,812,744,358,1025,993,38,469,2941,3810,3633,7621
1089,97542,2813,2613,2761,3397,3001,2830,1259,1247,14654,12556,11969,38442
1095,24111,1900,772,908,851,1282,1009,737,352,3858,3816,3636,4990
1097,100153,6126,5334,3690,5401,5212,3794,1944,1703,19452,13686,11560,22251
1101,54249,4326,1852,2645,2659,1724,2393,546,668,8936,8965,4050,15485
1103,32627,1251,628,1345,2026,905,1318,1127,1029,4885,4654,4064,9395
1115,22372,673,350,995,760,783,857,400,523,4494,4011,3332,5194
1117,55341,1269,603,1063,600,1888,947,976,706,6794,9331,7279,23885
1121,21701,1925,986,786,1081,878,1822,329,314,3519,3942,1684,4435
1125,48006,2380,1232,1441,1747,1457,2528,850,628,8522,7482,6057,13682
1127,16729,610,301,669,941,1036,1022,164,221,2950,2364,2465,3986
2020,69667,1008,1653,1818,1332,813,1639,1989,787,9453,8534,8190,32451
2090,24187,571,49,778,563,1125,580,172,350,3425,3779,3425,9370
2170,22647,885,270,461,665,612,953,213,371,3266,2917,3299,8735
4001,13927,2195,1105,794,900,864,553,242,476,2334,1522,1554,1388
4003,31105,900,1273,896,1742,1529,1758,419,1078,5362,3610,4697,7841
4005,29827,937,815,554,1172,1120,1516,168,624,5286,3814,3664,10157
4013,1043279,36010,25810,28888,34551,36920,39571,19155,25645,165168,147287,118683,365591
4015,56545,2861,2053,1441,2621,2454,2802,1161,2064,10754,9939,7438,10957
4017,22926,2831,1209,1332,1523,1337,1106,440,615,3318,3565,2303,3347
4019,246052,10986,6159,10121,10505,8156,12350,4728,6254,39785,34192,27930,74886
4021,109641,4288,1977,3414,4002,5626,3304,2253,3267,23041,19524,14805,24140
4025,60140,1774,1189,1972,2511,2387,2569,1114,1951,12065,9501,6823,16284
4027,57564,4725,2050,2603,5040,4577,2548,1952,2002,9636,8118,5814,8499
5007,72344,1215,1096,2105,2694,3404,2153,1248,1699,11854,10610,7983,26283
5031,26748,1170,1436,1165,1937,1091,1779,384,519,3879,5006,2793,5589
5045,27357,831,1078,1046,802,1336,1330,216,915,4211,3070,3678,8844
5051,27143,1839,1030,2000,1309,426,1601,351,585,4413,3317,3327,6945
5069,14864,989,311,1474,794,1056,286,142,781,2451,1929,1615,3036
5085,20157,583,906,202,828,642,1467,750,556,3095,2831,2809,5488
5119,97688,5357,3353,3847,5125,4542,4540,1508,2685,13956,11532,8193,33050
5125,32652,563,782,1298,458,889,1042,410,1299,5394,4341,4920,11256
5131,34503,1809,687,1328,1816,2556,2352,815,851,6917,4840,3421,7111
5143,58171,1912,2825,2090,1869,2948,2879,1075,1840,11544,8299,4924,15966
5145,20733,1149,631,970,1366,696,794,321,402,4257,3755,1854,4538
6001,381320,9360,4119,6034,6994,8757,8547,4911,5416,37926,39338,34316,215602
6007,51467,2386,1372,1868,2825,1996,2536,862,862,7986,7344,5672,15758
6013,285418,7018,4462,4101,5056,8785,6423,2816,4843,28491,29491,28879,155053
6017,49875,973,686,756,770,1334,825,715,398,5314,6461,6134,25509
6019,220824,13899,10711,13404,12457,12799,11105,4467,6148,35305,26772,20356,53401
6023,29581,1050,1296,1067,1508,1182,771,449,937,5335,4173,2768,9045
6025,30792,2174,2060,1849,1937,1884,903,668,1365,5952,3675,3805,4520
6029,201894,12730,11344,10019,11788,10853,9120,6542,6994,37539,22184,16607,46174
6031,33774,2132,1194,1942,1419,1749,1155,1200,1061,6185,4606,2270,8861
6033,16035,662,1025,164,41,1223,970,664,453,2763,1760,795,5515
6037,2193349,89212,62095,79211,105628,103375,91966,43388,51810,336944,278729,213374,737617
6039,33834,2078,2248,1690,1554,1861,1449,763,613,6055,6072,2307,7144
6041,67597,1327,495,466,657,473,613,165,291,4485,3946,4097,50582
6045,21433,904,588,1704,482,486,1216,577,294,3530,3388,2318,5946
6047,57977,4251,1240,3849,3031,3277,2508,1006,1374,12293,8000,3762,13386
6053,92949,2381,3011,4412,3415,3218,4528,1271,2174,17246,13081,9124,29088
6055,33064,539,652,1005,869,553,1590,754,736,3792,3607,2783,16184
6057,25779,531,470,317,777,829,589,570,275,3503,3061,2443,12414
6059,735186,24678,12936,15811,22257,21348,25084,8091,12250,85736,80213,72934,353848
6061,99968,2691,1334,1683,1398,1516,3115,1227,1786,11134,11686,10144,52254
6065,524194,18653,11914,18825,22513,18335,20858,11923,13664,86342,77732,56906,166529
6067,359266,15718,8963,11671,13330,14394,14806,5558,6941,47727,46751,40331,133076
6071,486914,24225,14526,18439,23374,23747,21303,10895,12172,84791,68740,51286,133416
6073,761247,24704,13425,19188,26797,25002,27839,11073,14605,101841,91966,77212,327595
6075,178643,4141,2229,2744,5943,4154,3619,1471,2413,16912,14857,12896,107264
6077,174492,7737,5008,7693,9694,7645,6815,3858,4790,30183,22974,20110,47985
6079,67284,2502,1048,1304,1344,1205,2431,826,1618,9340,7515,7197,30954
6081,182198,3063,1927,3048,3103,3859,2783,1592,1928,12599,15216,16158,116922
6083,100497,2362,2240,2429,4502,3702,4075,2311,2281,15183,10510,10397,40505
6085,461799,7504,5409,5849,10551,8826,7249,3744,5397,40137,38828,37229,291076
6087,62397,1740,799,1886,985,1715,2761,1032,1491,5406,6810,4191,33581
6089,45982,2057,925,1400,1814,1381,1597,1303,1001,8557,6941,4417,14589
6095,108587,2714,1350,1740,3074,3289,1634,1910,2327,16509,13603,12176,48261
6097,118022,3931,923,1580,3223,3404,2720,1291,1941,13240,14123,13061,58585
6099,128261,5437,3577,6138,6242,6340,7854,3064,2648,23294,17753,12007,33907
6101,23427,825,682,1146,944,885,1026,263,909,4397,3594,2668,6088
6107,103190,7739,5361,5277,7157,6148,5112,2496,2301,17685,12605,9410,21899
6111,194306,4545,3488,3871,7389,5148,8085,2084,3624,25877,24528,20790,84877
6113,46437,2441,882,1920,1453,1582,1192,279,859,6086,5345,5617,18781
6115,17889,887,468,577,1192,635,904,284,310,4506,2617,1375,4134
8001,118115,3898,1255,2500,4023,5477,4427,2650,1667,20848,17538,16448,37384
8005,158118,4063,2093,2772,3150,4580,4566,2397,4339,20291,19316,18371,72180
8013,74769,1055,883,1090,1622,1296,958,733,1252,6883,8404,8370,42223
8014,18556,160,439,156,94,769,344,42,113,1367,1734,1875,11463
8031,145101,4750,3795,3170,3922,5638,5922,2382,3090,17528,16213,14825,63866
8035,95944,699,342,228,591,423,1173,447,825,7700,8447,10845,64224
8041,176041,4916,3781,3351,5628,4980,6334,3013,3331,29232,26631,21138,63706
8059,148258,2219,1160,1833,2068,3012,3309,947,2628,14741,17284,18228,80829
8069,85701,2431,824,1379,1205,1530,2007,1281,1125,12381,11886,11993,37659
8077,37310,2082,1496,642,1272,1957,1084,506,788,6228,7402,3491,10362
8101,41603,2001,1497,2315,1797,1766,2584,511,1722,7761,5221,4991,9437
8123,77930,2885,2000,1292,2206,2158,1912,608,1327,10739,13616,9698,29489
9001,237407,6294,4785,5352,5542,5939,5963,2455,4029,25214,22561,17730,131543
9003,223589,6417,4549,5244,7507,7346,7529,2867,3521,24076,24889,23552,106092
9005,46847,463,385,843,515,1560,1580,416,878,5506,5634,5699,23368
9007,41772,763,478,459,349,923,668,277,582,4443,4423,4950,23457
9009,207727,7322,5667,5026,5158,6000,6777,2336,3443,26248,24806,22595,92349
9011,69117,1872,1170,1444,979,1475,2159,830,1320,9583,8878,9221,30186
9013,35882,337,645,437,853,545,210,504,78,2395,2939,3778,23161
9015,29594,1113,663,1235,635,332,961,193,933,4446,4115,4281,10687
10001,44907,2138,1238,1672,2018,1491,2944,996,998,6455,5441,5939,13577
10003,131524,4223,2292,3423,3313,3032,3630,1568,2386,17832,16870,18068,54887
10005,61968,1263,1758,2019,1496,1607,2407,969,1305,10176,8889,8306,21773
11001,121529,7531,3592,2638,4559,2701,2682,1448,1754,10392,8861,7348,68023
12001,49488,2330,760,1291,945,1118,1416,1216,1299,6406,7167,6546,18994
12005,49233,1720,1640,1107,1385,1790,2762,890,2142,10424,6545,5741,13087
12009,140955,4318,2215,3905,4331,4912,4884,2322,3098,22786,19726,17579,50879
12011,439980,15338,11892,13539,15644,14120,20144,10067,10459,81494,61629,47729,137925
12015,47734,1221,1059,961,1664,987,1837,552,651,8783,9412,5290,15317
12017,36112,1777,1313,1155,1555,1507,2177,591,912,7066,6610,4420,7029
12019,58071,2126,769,1654,2432,3035,3171,717,1028,9825,10798,7218,15298
12021,97654,2519,2278,1782,3737,3643,3783,1634,1090,13158,11814,7869,44347
12023,15657,587,505,101,842,868,580,196,585,2501,2212,2858,3822
12031,229923,10575,6949,8422,10816,9721,9508,4380,6574,38297,33373,23872,67436
12033,70583,2710,1811,1872,2478,2147,2666,1365,1653,12648,11382,10215,19636
12035,29721,1462,600,165,747,684,1008,706,1115,4773,4585,4113,9763
12053,52370,2688,1177,1793,1932,3155,1949,974,1987,11130,8960,5954,10671
12055,27635,1385,688,1575,820,1398,1908,505,1489,5554,4303,2270,5740
12057,342998,14291,12609,10408,12094,12806,14841,5476,6602,52840,48138,34502,118391
12061,34563,309,296,859,1225,1394,1170,749,786,5083,5091,4304,13297
12069,94847,3679,1870,2378,4244,4638,3946,1619,3520,16110,15977,11255,25611
12071,180020,6025,3970,5033,5352,5773,8108,4455,4211,29497,24166,23526,59904
12073,61334,2130,2174,2768,1978,1527,1675,1476,1537,8530,9256,6317,21966
12081,99502,1707,1790,2659,3240,3604,3270,1926,1930,16829,14116,12679,35752
12083,93029,4896,2157,2885,3658,4721,6130,1402,3461,19201,11888,10504,22126
12085,38310,573,1080,1176,817,718,1199,844,671,5767,4970,4329,16166
12086,622526,28298,25396,28541,39236,38830,33517,13753,19934,110712,85165,51079,148065
12087,18944,323,822,416,354,442,547,476,342,2716,2033,1869,8604
12089,23407,949,636,622,464,329,819,72,744,3607,2824,3332,9009
12091,51819,1600,1646,1884,1505,1862,1624,611,918,7111,7070,7536,18452
12095,298508,12669,6757,14471,13433,12600,12410,5624,7691,52436,39631,31946,88840
12097,72198,3565,1357,2786,3557,4004,5427,1693,2460,14868,9416,8075,14990
12099,337212,13459,6193,9554,12208,12500,10800,4418,8309,49430,41988,34927,133426
12101,131802,4234,3061,4195,4473,4463,5831,2636,3630,23356,20575,16886,38462
12103,221744,8759,3926,5087,5987,8083,7576,3567,5732,36575,32440,25757,78255
12105,166438,8600,4351,7117,6127,7364,7003,4369,5811,31743,27965,17586,38402
12107,17301,480,841,505,1054,829,1098,0,786,2759,3716,1961,3272
12109,63627,1099,292,879,1565,2182,2097,360,899,6527,7207,8036,32484
12111,81576,2617,1516,1910,4504,4449,2478,1577,1871,17310,13147,9830,20367
12113,50566,1893,379,730,1210,1598,1675,318,936,10722,5899,5810,19396
12115,112078,3685,1658,1513,1797,2237,3394,1619,2208,17081,17237,13871,45778
12117,121209,2886,1785,3207,3336,3227,3783,1879,3067,17557,18790,15904,45788
12119,40081,1258,237,709,890,1277,1285,215,891,6803,7351,4669,14496
12127,131946,4198,2839,3229,4055,5111,4847,2946,5142,25283,22417,14859,37020
12131,19893,707,28,306,1035,648,738,352,441,3609,2174,1918,7937
13013,21369,769,100,613,1810,724,1027,335,417,4031,3531,2622,5390
13015,26858,1081,989,570,988,2130,1297,1235,876,3852,4188,2874,6778
13021,34437,2940,1235,2742,1553,1187,1822,618,546,6174,4421,3784,7415
13031,16167,780,846,816,546,631,1652,499,386,2738,3058,849,3366
13045,29111,805,1530,879,1131,980,802,505,960,6189,3823,3985,7522
13047,17070,249,187,267,0,627,558,494,340,3663,2715,2404,5566
13051,64383,2797,740,1941,3091,2101,2467,1442,2545,10750,7756,6682,22071
13057,68899,1976,1712,1089,2164,1453,2052,724,2076,8066,8301,8985,30301
13059,26138,1302,1016,1188,1957,1562,1403,417,282,4233,2523,2431,7824
13063,64911,3381,2737,3351,4885,4717,2925,2070,2174,12038,8549,6194,11890
13067,191753,4825,3573,2893,3447,4689,5796,2936,3125,25489,25340,19928,89712
13073,35005,732,440,1112,693,655,752,288,465,3814,5738,5452,14864
13077,37623,1259,515,1347,625,1328,1373,651,588,4302,5638,5355,14642
13089,165666,6000,4022,7052,6511,6064,5587,1543,4077,22450,19454,15463,67443
13095,19901,1611,1315,1474,755,1256,976,464,629,3721,2702,1563,3435
13097,35995,2065,557,1104,3384,566,1218,553,1199,5569,4552,2971,12257
13113,30120,210,178,144,387,601,500,136,364,3740,3574,3257,17029
13115,24361,1891,1014,1378,1609,1320,835,764,955,2974,3679,2357,5585
13117,65991,1134,706,704,424,1270,1429,914,840,6529,8038,8358,35645
13121,230448,8726,5575,6897,8536,6683,7074,2524,2975,26626,26546,20075,108211
13127,23068,1247,815,538,785,952,905,566,405,3224,3832,2989,6810
13135,223536,7220,4937,5369,8075,7512,9549,3180,6019,36716,33721,24812,76426
13139,47579,1456,1860,1711,1709,2246,1608,1003,1155,7740,6253,4987,15851
13151,59142,869,445,1255,2033,2144,2264,707,1865,9935,9706,6870,21049
13153,38986,1976,656,952,1286,1571,1490,149,462,6003,6334,3648,14459
13157,19138,105,96,201,1420,896,473,189,828,2073,3635,2811,6411
13185,23712,4020,460,1208,977,1459,648,576,549,2228,3386,3214,4987
13215,43324,2354,1859,2335,2121,1928,2251,966,857,7982,4564,5127,10980
13217,27727,1893,653,1630,917,957,1441,190,539,6431,4383,2591,6102
13223,41506,1165,757,811,830,1437,794,514,1392,7459,5841,7212,13294
13245,39598,2949,1786,1302,3027,1832,1732,1626,662,7941,4934,3688,8119
13247,22818,798,486,821,809,1210,1047,912,320,3054,2339,2795,8227
13255,16956,443,313,452,903,1221,1449,1291,447,3203,2685,1777,2772
13285,17648,1378,1047,1417,814,633,588,701,492,2477,2480,2170,3451
13295,18983,1221,36,428,1337,1187,1658,899,378,3765,3192,1545,3337
13297,24593,659,1133,472,795,1071,452,171,511,4572,4106,3129,7522
13313,24907,515,715,1176,489,2457,2161,1016,1182,4100,4179,2864,4053
15001,46712,2815,896,1511,1295,1887,1813,527,1336,7004,5761,5204,16663
15003,215379,5130,2311,3323,4659,3971,6040,2996,4519,26839,29687,29007,96897
15007,16333,270,208,103,511,873,384,180,628,2534,2383,1760,6499
15009,38425,644,265,444,862,1184,917,330,1115,5325,5901,5772,15666
16001,116638,3298,2293,1339,2808,3375,3315,1949,2591,17905,16622,16993,44150
16005,19895,557,412,566,778,1175,748,298,643,4443,2591,2386,5298
16019,28661,926,344,861,621,1915,787,944,950,5903,4002,3393,8015
16027,52768,1388,1193,1308,2740,2781,3430,1024,2372,12425,9126,5965,9016
16055,44826,673,1661,1144,2404,1706,1598,376,2271,8609,7823,4178,12383
16083,21908,480,433,1257,725,569,1029,491,471,4933,3798,3487,4235
17001,17655,289,284,584,554,634,568,269,372,2842,3330,2484,5445
17019,42528,1694,711,1008,2112,1093,914,317,692,5534,5678,5419,17356
17031,1181463,46806,33836,39340,45583,46288,46130,22459,28043,175416,140030,112787,444745
17037,21298,811,488,278,614,462,938,188,451,3091,3334,2713,7930
17043,244235,5854,1540,3628,4766,3919,4526,1724,3785,23944,26312,29189,135048
17089,136596,2594,2777,3365,4014,5429,4202,2364,1844,18384,18561,17158,55904
17091,26634,1409,677,1009,1508,775,926,431,473,4185,4283,3248,7710
17093,32362,265,58,369,227,6,1006,543,878,3928,7046,4603,13433
17097,178902,4106,3845,1746,6051,4716,5580,1480,2443,18813,20738,17995,91389
17099,28804,1083,1205,1598,670,859,1036,808,269,4650,4793,3077,8756
17111,87366,2094,910,639,1542,802,2657,998,1170,10548,12815,13683,39508
17113,39649,1301,733,745,815,865,1011,368,434,4784,5202,6284,17107
17115,27761,1723,629,1102,718,978,643,398,866,4670,4516,3228,8290
17119,72691,2416,2182,2103,2271,2692,1758,809,745,11606,11024,11159,23926
17143,42810,2071,1489,996,1670,1287,1284,313,678,6642,6708,5618,14054
17161,37658,1350,1229,1371,1446,1374,1778,378,1571,5943,5223,4342,11653
17163,62855,2020,1654,2568,1714,2350,1155,725,1801,8603,8877,8881,22507
17167,50266,2314,1392,1233,1688,1921,914,745,1014,6884,6443,5463,20255
17179,36209,968,917,477,1081,1733,982,467,693,5517,6371,5523,11480
17183,18856,1621,435,789,1180,483,528,154,909,3366,3133,2108,4150
17197,175294,3254,2987,1708,4232,4694,4383,1205,2457,23663,23172,21654,81885
17199,16751,342,484,710,1318,704,629,595,396,3561,2061,1966,3985
17201,74514,3161,2801,2995,3989,2261,3292,788,1266,12934,11501,8586,20940
18003,96270,3807,2524,3456,4715,3328,3097,2156,2181,17483,14872,11529,27122
18005,20485,1026,238,309,448,526,589,841,279,3375,3313,3840,5701
18011,19702,113,400,321,321,203,509,123,164,2841,3292,2095,9320
18019,30544,817,827,980,620,828,977,600,469,5920,4590,4290,9626
18035,26313,1371,493,1894,1085,1516,842,535,627,4215,4103,4191,5441
18039,53807,2211,1102,1770,2094,1876,2653,1060,1373,11502,9016,6910,12240
18043,19707,371,458,378,352,559,129,362,381,2944,3282,2809,7682
18053,17508,902,1140,718,426,412,643,747,338,3970,3187,1484,3541
18057,93370,941,862,792,1766,1684,2789,618,380,8781,11938,13073,49746
18059,20426,399,108,57,671,358,789,0,661,3388,3734,3282,6979
18063,45502,627,737,783,277,232,1079,122,969,7603,6967,8585,17521
18067,23489,749,822,802,484,655,1224,421,619,3364,4296,3019,7034
18081,41158,980,397,459,960,1050,803,477,868,6262,7611,7192,14099
18085,20175,354,157,619,779,400,684,207,438,4727,3148,2321,6341
18089,122000,6830,3720,4571,4490,6241,4271,1884,1674,18685,18114,16113,35407
18091,27658,1419,899,1054,978,1014,1075,297,431,5981,4325,3029,7156
18095,32081,1809,1545,1131,1378,983,1051,459,574,6275,5533,4010,7333
18097,206317,12506,5788,7285,9786,8869,9919,5524,6091,33273,28555,24890,53831
18105,30220,1626,935,548,779,1460,923,494,1045,4717,4108,4092,9493
18109,19642,849,484,428,54,316,667,527,440,3118,4395,2274,6090
18127,43374,1766,718,968,1287,379,1182,528,952,6840,5760,5607,17387
18141,65770,2585,1850,1700,2238,2929,2197,1116,1232,11273,10537,8736,19377
18157,39265,1180,673,1241,1046,2337,1862,1017,1052,6924,5467,4655,11811
18163,43505,1535,1205,1596,2306,1591,2341,1156,709,6775,6312,5411,12568
18167,24852,1288,533,1092,1049,1021,1206,469,804,4055,4118,3279,5938
18177,18288,725,1292,278,598,1011,619,511,497,4626,2952,1259,3920
19013,32401,1448,1025,1111,876,1454,1239,410,960,4493,5581,3704,10100
19049,24120,157,667,337,517,184,505,175,52,2857,2966,3003,12700
19061,24381,472,475,693,525,1129,1086,145,555,3547,4247,3852,7655
19103,33567,1650,648,544,1742,283,740,151,710,2937,4046,4601,15515
19113,54685,1211,925,1080,984,1725,1223,510,1635,7370,8724,6866,22432
19153,119472,3022,2196,1939,3950,4180,3062,1436,2966,15612,17439,15031,48639
19155,23277,905,742,565,802,1067,1192,369,682,3139,4293,2806,6715
19163,41240,1731,1034,1146,856,785,1416,355,474,7365,6492,4508,15078
19169,19329,452,869,253,263,226,391,349,389,2727,2933,2733,7744
19193,26451,708,577,1271,1508,910,1255,714,245,4320,3689,3536,7718
20015,18338,433,428,256,512,438,1307,160,279,2743,4257,2197,5328
20045,26355,456,1195,524,427,267,820,346,478,4399,4109,3362,9972
20091,156199,2481,1428,1945,2703,2576,3289,841,1952,16718,20940,18835,82491
20103,18837,447,502,1031,361,347,412,601,281,2621,2246,2578,7410
20161,13019,555,228,263,981,463,354,26,602,2002,1411,1428,4706
20173,123752,4802,3153,3547,5386,4979,5100,2768,4243,20477,17622,14774,36901
20177,44345,762,1933,1624,1547,1483,1539,1032,742,7779,7007,5105,13792
20209,38635,1777,778,2489,2829,2600,1786,964,852,7298,6538,3939,6785
21015,34483,538,263,0,1191,889,941,802,253,4597,5178,5137,14694
21029,21720,720,530,635,1253,404,669,573,372,3138,5074,2134,6218
21037,23003,1330,571,603,603,536,751,334,454,2412,4090,2994,8325
21047,18138,771,1095,558,1156,1419,1388,589,771,3254,1847,2175,3115
21059,27174,1098,1572,1049,834,1545,1159,490,442,5581,3531,3434,6439
21067,75825,3048,2212,1630,2041,2380,3839,1586,1464,11101,10926,8011,27587
21093,29677,1527,689,1197,1100,1922,1197,603,1544,5163,3683,2806,8246
21111,186545,10455,4745,6333,6623,6790,5236,3975,4470,27033,27546,19396,63943
21117,40085,892,917,619,1322,1573,1410,477,374,5823,7421,5192,14065
21145,16899,1151,324,716,475,496,453,865,600,2741,2634,2013,4431
21151,22411,1602,450,647,1100,814,1166,203,562,3738,3409,2702,6018
21185,17568,241,637,116,172,197,349,163,174,1690,2162,1977,9690
21227,30497,1069,1452,1617,831,1606,1283,476,312,5422,4777,3406,8246
22005,34957,1942,452,594,437,1552,1213,1088,241,3762,4414,4313,14949
22015,31921,984,1764,1029,1589,1767,731,647,269,5396,3793,2766,11186
22017,57904,2369,3213,3404,4147,2582,3180,879,1802,9420,6532,6996,13380
22019,50083,2260,1184,2288,2320,2617,3214,682,1427,8686,6203,5416,13786
22033,95154,3693,3249,3315,4783,4287,3908,1357,2079,13583,10926,9110,34864
22045,16865,1760,757,786,766,328,778,467,831,2280,2313,1834,3965
22051,105501,5170,2547,4534,5043,5044,4963,2515,2687,16969,14397,10317,31315
22055,59081,2855,1883,1568,2752,2083,3346,694,1141,8778,8884,7543,17554
22057,23348,1206,893,383,790,1347,1165,393,732,3604,3247,2605,6983
22063,35951,705,350,916,1516,1357,1885,369,1650,5962,4784,4060,12397
22071,68103,4351,3451,3418,3640,3925,3641,888,1214,9063,6728,5418,22366
22073,34490,2717,1236,1621,2123,1145,1406,509,1074,4721,3847,3634,10457
22079,32751,2300,794,1529,1297,1350,1681,210,881,5896,4760,3085,8968
22097,20018,3048,1600,1240,686,1106,540,159,497,3817,2850,1446,3029
22103,67922,2513,1528,2386,2716,2592,2177,1102,1811,8647,7770,8155,26525
22105,29605,1495,1008,632,2524,1673,1263,391,465,5273,5286,3357,6238
22109,26511,1359,324,1824,943,1193,574,407,1334,5431,4183,2438,6501
23001,26533,686,603,1385,1246,927,639,838,606,4716,3990,3457,7440
23003,17603,842,685,259,1079,869,1182,405,474,3270,3184,2147,3207
23005,72142,1244,697,682,858,896,2015,1107,1640,9057,9220,9762,34964
23011,31105,1077,711,348,977,1424,1202,767,492,6176,4875,3517,9539
23019,36788,1418,1343,1004,825,1208,1829,518,1055,7038,6468,5132,8950
23031,54432,831,551,1234,948,1213,1511,1124,1093,7559,7672,7500,23196
24001,16619,766,490,687,1156,632,726,438,346,3424,2531,1945,3478
24003,145626,3746,1592,2081,1661,2433,2169,1010,1793,15594,15424,16849,81274
24005,203785,4314,4578,4183,4502,4904,5322,1239,2345,26356,26722,24353,94967
24009,24267,261,203,65,697,0,590,44,78,1585,2879,2880,14985
24013,46205,1151,619,622,648,667,425,217,671,4076,5349,5073,26687
24015,25567,542,310,209,1026,957,399,317,396,3292,3818,3883,10418
24017,41483,1464,743,0,567,951,898,413,819,4558,5381,5732,19957
24021,66920,1249,1007,677,1286,1112,1277,720,639,7869,6100,6966,38018
24025,67774,2140,670,783,1087,1046,1815,989,831,6719,7224,9545,34925
24027,86143,1762,788,589,1205,1184,1843,1082,228,5877,6633,8099,56853
24031,257291,4327,2756,4275,5148,5982,5255,2146,3673,22443,23535,20985,156766
24033,206154,5364,2049,3844,4248,5939,7686,2889,3499,25969,26600,23103,94964
24037,28173,620,363,1017,276,749,654,61,156,2519,2871,3793,15094
24043,37072,1102,465,1261,925,1678,1644,570,815,5706,6483,3386,13037
24045,24972,662,75,917,1222,1171,1423,540,881,4012,4231,2757,7081
24510,117955,8319,4481,3565,5234,4972,5076,2400,3483,16779,15266,10399,37981
25001,54040,947,517,1452,633,1467,1529,391,1203,6828,7378,5800,25895
25003,31618,1220,260,448,730,547,872,491,392,5183,4732,3850,12893
25005,141303,4659,2396,3667,4504,4534,4806,2079,4473,17241,19109,16041,57794
25009,198593,5532,3471,6824,4751,5923,6011,1701,3308,23595,22369,20074,95034
25011,17645,173,270,371,309,636,598,447,116,2938,2832,2300,6655
25013,113359,6143,3460,4867,5278,4120,3544,1906,2666,16730,13743,12359,38543
25015,34059,413,583,449,517,550,510,321,459,3620,3829,4781,18027
25017,385308,7608,4479,5051,6512,6178,8097,4177,3906,30366,37532,40161,231241
25021,174936,3340,1821,2259,2815,1754,2765,900,1873,13947,16255,16777,110430
25023,131226,2063,1242,1014,2762,1905,2124,1395,2574,12154,16500,16340,71153
25025,153541,7059,5415,5659,5915,4742,4974,3084,3510,19997,16444,14381,62361
25027,202026,5218,3176,3004,5767,4287,6631,1673,4036,26823,26293,24428,90690
26005,32703,1310,621,894,1032,1147,1213,254,1383,5829,6055,4279,8686
26017,29075,1168,1634,856,753,855,1646,508,358,5888,4446,4235,6728
26021,42226,1599,1851,1218,1998,2430,1550,699,859,6966,5730,5091,12235
26025,33082,1614,1440,1644,1086,1443,867,663,1016,6023,5976,3319,7991
26037,20746,450,81,428,530,632,357,204,189,3310,3948,3380,7237
26045,29437,826,368,722,509,709,768,435,467,4107,5557,4730,10239
26049,104915,5677,3666,4708,4141,4483,5065,2190,2801,15872,13341,13001,29970
26055,22866,396,372,902,568,771,455,282,366,3138,3845,2550,9221
26065,61958,2390,2041,1501,2719,2095,2141,1270,1238,9454,8154,7085,21870
26073,14589,639,506,610,431,875,639,570,335,2765,2183,2034,3002
26075,39406,1556,1246,992,2061,1612,1947,1364,882,6320,6814,4661,9951
26077,61117,2513,905,1164,1672,1340,2122,772,2155,10212,8244,7094,22924
26081,163120,5010,3462,3908,4933,5382,6186,2156,4500,26752,24279,20853,55699
26087,23556,929,425,536,469,755,409,274,663,3631,3813,3762,7890
26091,25874,714,218,590,1220,862,1365,547,640,5016,4320,3409,6973
26093,54151,630,928,371,510,535,1680,603,883,6528,8057,7499,25927
26099,227394,5715,5225,6769,6632,7927,8501,3982,4106,36467,34786,30133,77151
26103,15842,487,390,383,423,520,605,227,221,2340,3353,2610,4283
26111,22495,1222,948,342,1104,739,636,343,383,3845,3035,2267,7631
26115,42079,1053,753,988,843,1294,1252,834,587,6484,7839,5700,14452
26121,44746,1712,1186,1828,1527,3018,1601,904,1045,8692,7125,5278,10830
26125,317128,6760,5119,3697,5335,7251,6792,4041,4361,34207,38884,41436,159245
26139,74706,792,582,893,1000,2245,2118,630,1191,13238,15651,10808,25558
26145,50638,2196,1656,2070,1884,1767,1486,1067,1896,9815,8298,5504,12999
26147,43184,1429,2110,1362,1043,1201,952,582,1036,7754,5984,5794,13937
26155,19116,625,344,299,706,523,567,366,732,4133,3487,1794,5540
26159,20700,697,735,781,232,770,713,258,350,3946,3479,3614,5125
26161,82598,3110,1131,1446,1845,1885,1769,909,937,8347,8683,9214,43322
26163,408205,34133,16851,16754,18350,16174,18229,7856,10309,63359,55630,41759,108801
27003,90726,1462,491,1302,1089,2429,1808,643,1851,10387,14760,14038,40466
27013,16209,199,473,886,720,737,323,246,462,2024,2020,3159,4960
27019,27536,187,46,147,117,233,253,79,142,2686,3198,4376,16072
27037,113191,1190,1066,2058,1791,1649,1984,1271,2148,10971,14387,16302,58374
27053,292301,6756,3682,5753,8570,6775,7789,2875,3629,31375,31904,31779,151414
27109,39793,713,418,211,1171,1200,830,269,734,4031,5601,5849,18766
27123,118943,5312,2552,3845,2184,3962,3724,1601,1561,16476,15156,12641,49929
27131,14748,539,175,111,473,442,406,205,334,1976,2395,1997,5695
27137,47595,1683,584,1379,970,1687,1444,774,999,7509,7554,7254,15758
27139,39923,447,134,1322,498,945,1083,151,756,4322,4784,4697,20784
27141,23539,191,519,417,422,668,434,359,269,2974,3754,4099,9433
27145,38320,423,1175,1365,1087,1637,1174,362,815,5942,6685,5714,11941
27163,68219,898,413,313,696,1335,282,605,580,7363,7553,8400,39781
27171,35755,427,160,496,420,863,797,137,430,3847,5611,5570,16997
28033,45993,1342,904,922,1433,1059,1961,655,1012,8201,6425,7585,14494
28035,14427,1049,745,579,879,1625,479,242,507,2889,1533,765,3135
28047,52963,5396,1432,1914,3135,1847,3125,544,1822,8863,6340,5958,12587
28049,52610,2632,1752,3035,3137,3218,2496,1079,943,10118,7842,4935,11423
28059,33753,2381,1212,1406,1005,1711,1317,268,941,6793,5130,3150,8439
28067,17400,651,923,1078,361,1022,582,255,203,3480,3040,3198,2607
28075,18858,1617,1256,809,1285,701,568,1104,829,3698,1973,1320,3698
28081,22217,629,383,620,1248,1066,1716,331,552,4014,2847,3250,5561
28089,29030,462,40,625,940,568,1001,642,825,3851,4137,3099,12840
28121,38785,542,1162,719,1041,1139,1189,299,1233,7938,5717,3774,14032
29019,39505,1195,1313,663,766,1066,1444,1191,902,5826,5031,5258,14850
29021,20116,775,503,751,965,1153,374,405,652,3691,2970,2302,5575
29031,18641,538,387,693,526,854,844,161,456,3853,3590,2572,4167
29037,29713,493,392,1104,259,379,1097,753,424,4725,5161,4118,10808
29043,22064,485,230,513,1113,776,770,293,469,4678,3700,3227,5810
29047,60259,1648,310,721,1966,2047,1593,586,1446,8630,9344,8859,23109
29051,19670,378,195,490,495,1061,955,0,434,3399,3237,2179,6847
29071,27834,727,366,474,408,1461,821,631,873,5025,5831,3484,7733
29077,72929,2594,1609,2617,2902,3503,1981,2230,3392,12739,12795,9680,16887
29095,170337,5955,4617,5272,6328,6778,5877,3769,3899,29100,24751,21126,52865
29097,31070,1777,856,1710,2232,1345,1396,348,1013,6097,5107,2599,6590
29099,60625,1733,1511,679,1096,1425,1488,923,1478,11253,10187,9934,18918
29165,26487,513,121,249,469,1183,527,280,710,3026,3149,3881,12379
29183,104615,1398,805,1781,1870,1068,1582,762,1492,12614,17834,14106,49303
29187,16935,1075,313,1021,228,138,1520,248,489,3024,3470,2835,2574
29189,261684,7260,5339,5325,7483,5202,7213,3944,4398,33423,35808,30319,115970
29510,63899,6480,2267,2085,2808,3544,2080,1144,1580,8442,8192,6090,19187
30013,22216,497,801,642,881,554,1354,763,385,4391,3760,2297,5891
30029,24783,759,380,915,1132,1574,1049,316,161,4197,3646,3279,7375
30031,25853,508,52,50,433,996,987,439,665,3849,3336,4442,10096
30049,16679,556,638,463,438,72,378,0,481,1926,2876,2429,6422
30063,30045,532,231,839,867,471,1408,495,1403,5975,4225,3561,10038
30111,40412,1045,568,1200,1316,1226,1576,539,561,6286,6658,6788,12649
31055,134887,3084,3489,2822,3850,3782,5186,2750,2987,18736,18890,18256,51055
31109,73258,2113,903,1940,3054,1411,1676,1232,1153,12269,11611,10239,25657
31153,45555,566,601,431,1279,1074,1307,307,655,6961,6654,5958,19762
32003,507341,19660,13475,17833,19262,23088,22775,8346,13855,92105,72515,52868,151559
32031,110715,2684,2082,2760,3940,1972,4007,1778,2213,19275,15852,13649,40503
33005,16932,215,421,510,432,259,628,80,94,2086,3126,2717,6364
33009,21676,502,145,549,356,778,660,546,348,4042,2371,2211,9168
33011,104043,2086,1255,1935,2774,1824,3330,1091,1111,11855,12709,13327,50746
33013,38014,875,181,365,508,588,779,406,1119,5543,5423,4677,17550
33015,82901,1564,703,884,790,888,869,819,723,8680,11568,8527,46886
33017,29606,942,163,219,835,647,703,36,480,3333,4420,4307,13521
34001,64492,2749,1684,2156,2257,2292,1449,936,1496,9811,8365,7363,23934
34003,243393,5016,3719,5156,4115,4808,5578,2116,2595,22556,23859,24336,139539
34005,115839,1841,658,1810,2142,2755,2159,989,1350,14130,14900,13492,59613
34007,122775,4615,2881,3932,4278,4806,4206,1751,2525,13602,14325,14588,51266
34009,25773,790,690,359,1057,456,557,115,677,3096,3511,3721,10744
34011,34428,1115,1860,566,3481,1044,1427,1056,783,5214,3540,4897,9445
34013,189597,10562,6470,6159,8719,5544,7262,2523,2550,24307,21086,17468,76947
34015,69496,1457,622,928,1103,1161,1144,351,1251,8117,9288,9709,34365
34017,158957,6281,5415,6776,6984,6096,5568,1366,3305,21253,17956,16683,61274
34019,35139,616,197,474,407,545,484,490,115,1441,3612,3126,23632
34021,89807,2388,2333,1505,2181,2419,2682,1627,1060,11081,8309,8746,45476
34023,207900,5809,2117,4789,5040,3573,4572,2541,3231,25205,24356,25751,100916
34025,163558,4272,1346,2053,2100,3282,3015,892,1995,14260,16732,13782,99829
34027,127292,2203,345,1319,1112,1457,1876,732,426,9167,11622,13871,83162
34029,150140,4826,2061,2824,3359,3971,4965,1883,3099,21333,21603,17643,62573
34031,125204,4878,3753,4803,5548,4718,3703,1494,2402,17439,14202,15471,46793
34033,16345,718,243,455,996,769,604,130,391,1798,1537,2347,6357
34035,88135,1066,783,832,923,1147,1476,1140,641,6148,7076,7902,59001
34037,38434,691,309,416,470,714,648,770,445,3916,3830,4458,21767
34039,137761,2394,1766,3082,5121,3525,4252,1498,1968,16555,17248,15149,65203
34041,27171,672,107,182,448,781,624,415,415,3490,3049,3245,13743
35001,159729,9357,5139,4920,6610,7549,5179,2319,4378,25187,23343,17105,48643
35005,15991,509,908,1037,1508,787,1242,615,456,2627,2501,1306,2495
35013,52763,3744,2949,4941,4135,2899,2423,1256,1302,8388,5705,4137,10884
35025,16252,1197,457,555,951,823,480,410,510,3560,2689,1030,3590
35031,14809,1829,1400,915,1269,951,1049,469,493,2084,1609,980,1761
35035,13748,1206,311,530,936,395,1096,138,155,2241,2698,1678,2364
35043,36841,1357,654,738,1142,1244,1464,881,743,7521,6812,3440,10845
35045,29548,2745,1213,1852,1785,1448,1992,914,697,4210,4326,2830,5536
35049,36488,888,454,1345,2007,1233,1535,932,1163,5127,4854,3220,13730
35061,18194,878,721,470,511,1880,959,662,364,2430,3708,2274,3337
36001,72332,2642,1024,1446,2056,1959,2083,1525,1332,7890,10679,7859,31837
36005,323214,35687,22280,20619,20080,19062,17528,8203,9395,51867,40026,25156,53311
36007,44761,2487,1182,1875,2063,1269,2158,728,867,6684,6395,5675,13378
36009,21167,737,971,938,1151,525,1139,294,798,3869,4108,2523,4114
36011,18400,388,492,588,666,573,764,350,461,3491,2862,1888,5877
36013,31831,1640,1029,1778,947,1336,1310,658,861,5450,4502,4313,8007
36015,20837,743,291,478,591,801,1932,338,515,3522,2670,3092,5864
36019,20558,462,704,562,1005,760,716,582,397,3338,2925,2568,6539
36027,71635,1800,1234,1629,2105,1307,2234,1261,1407,6019,7660,7903,37076
36029,230402,9428,6213,5929,8238,7161,8430,3652,4209,32770,33170,27599,83603
36045,27993,823,447,604,775,1490,1556,792,495,5975,4944,3316,6776
36047,591462,35407,25768,29815,29557,24892,23551,10149,15745,80034,63002,58605,194937
36051,15133,486,222,76,459,343,516,198,57,2832,3016,1673,5255
36053,17590,372,622,121,581,848,279,336,458,2753,3137,2118,5965
36055,180738,7566,4637,5204,5358,7030,5267,2336,3576,21981,23319,24221,70243
36059,340833,5601,3830,4685,5824,4642,6941,3884,3927,28464,30929,33516,208590
36061,319832,15225,10978,12468,10853,11490,9760,2809,5049,29472,26960,18673,166095
36063,55135,2435,1929,1177,1627,1596,1910,600,1323,7881,8138,7894,18625
36065,56426,3014,1519,1571,3138,1879,2591,1358,839,9698,6576,7065,17178
36067,115176,5122,2777,3267,3150,3217,3493,1758,2232,15895,16425,13059,44781
36069,27228,763,362,630,589,583,702,597,564,4127,3288,3952,11071
36071,90988,2862,2690,2157,2998,2130,3579,1568,2424,10542,10308,10015,39715
36075,29546,1929,586,929,1300,712,1093,594,498,4533,4113,3810,9449
36079,27274,395,394,463,82,389,613,69,166,2235,3708,3144,15616
36081,539742,16145,13625,19190,21978,25341,25822,12312,14885,82709,70196,55940,181599
36083,40079,1305,1194,630,799,508,1303,426,749,4220,5060,6956,16929
36085,118442,4911,2710,2900,2452,3614,2300,1321,2026,13576,15973,12910,53749
36087,74783,2421,2716,2299,2546,2153,2825,912,882,7027,7723,5769,37510
36089,25979,1059,861,740,1259,892,843,694,795,3995,4982,3046,6813
36091,60841,930,487,499,753,779,2072,806,900,6044,7232,7277,33062
36093,31289,580,670,507,901,1219,661,840,413,4444,4285,3790,12979
36101,25411,490,591,821,908,1004,1090,647,495,4003,4425,3430,7507
36103,360416,6930,5518,5061,5316,7611,8052,3458,5066,36399,38228,38131,200646
36105,17487,649,582,669,1095,970,663,395,172,2977,2125,2401,4789
36109,20642,279,612,248,521,1119,247,412,365,2654,2938,2670,8577
36111,42744,817,1518,816,966,1548,1605,513,287,5348,7049,4993,17284
36113,17052,307,457,666,477,414,403,132,334,2688,2774,1499,6901
36117,24444,404,708,228,534,831,686,175,453,4403,4488,3652,7882
36119,238521,4726,3507,4465,6061,5117,4628,2625,3332,23747,22644,19993,137676
37001,40499,1528,1141,850,1980,1572,1932,651,1575,7122,5908,4456,11784
37019,38908,1084,450,785,1126,1137,600,910,631,5821,6688,6071,13605
37021,62390,955,1284,1381,1948,2986,2127,1401,1157,10373,9234,7682,21862
37023,23863,654,1173,616,1794,1250,1146,258,516,4836,3105,2705,5810
37025,54401,2154,773,1277,2157,1184,1715,1109,1137,8255,7560,7446,19634
37027,22449,925,857,1310,1860,1287,891,1077,492,3302,3643,2498,4307
37031,18202,322,190,135,370,667,1275,230,607,3013,3607,1989,5797
37035,43671,1303,1940,1314,2043,1760,1830,1647,1003,8020,6591,5715,10505
37037,20178,532,246,442,532,420,714,197,593,2881,1836,2116,9669
37045,23916,1534,1293,1056,1205,1338,999,337,845,4499,3262,3522,4026
37049,27544,1448,1135,555,1238,837,1068,833,821,5334,3409,4093,6773
37051,80255,4129,3442,3735,4252,3941,4050,2635,2345,14633,11177,7704,18212
37057,47046,2561,2024,1500,1976,2773,2501,1680,1124,7658,6703,6232,10314
37063,74670,2482,1921,2251,2033,2738,3114,1938,2021,10291,8698,8945,28238
37067,92137,5179,2599,3873,3323,3867,4017,1935,1754,15869,12605,9827,27289
37069,19248,210,679,518,756,798,619,478,436,3771,1899,2827,6257
37071,56260,2417,1237,1493,1495,2912,2700,1207,1505,9703,10130,6623,14838
37081,133620,6695,4346,4837,4103,5914,6368,3431,4466,20099,17151,14106,42104
37085,32968,1204,1380,1446,1453,2210,1528,493,1127,6533,5275,3417,6902
37089,32138,831,270,844,1011,1041,704,765,661,6629,5507,3391,10484
37097,50844,1162,1177,1348,1396,2134,2202,792,2272,8738,8867,4779,15977
37101,51274,1039,881,1941,2027,2697,3292,2098,746,8493,7913,5678,14469
37109,24405,1134,467,549,330,157,877,466,316,4949,3896,3191,8073
37119,257010,7813,5279,8447,7868,8247,9590,4741,5822,37831,31060,26930,103382
37125,26079,872,735,263,1048,528,944,173,1187,4192,4760,2712,8665
37127,24960,1267,132,979,1039,758,426,1007,810,6561,3307,2398,6276
37129,53225,3123,790,682,1630,1405,1209,1524,1371,8093,8170,7575,17653
37133,48917,2662,2303,1294,2092,1844,3200,799,1626,10480,8373,5215,9029
37135,32935,1290,63,367,279,1524,1253,977,617,3586,3330,2204,17445
37147,38161,2649,923,1618,2382,1260,1933,712,1732,6996,4077,4490,9389
37151,38557,2261,897,897,1605,1791,2268,782,1119,8495,5296,4462,8684
37155,30683,2889,1187,1731,2397,2179,2279,977,900,5176,4408,2987,3573
37157,25147,1376,800,1663,884,946,1219,926,211,5359,3907,2685,5171
37159,35893,1896,1258,2079,1624,1956,885,480,721,6979,5430,4869,7716
37161,17833,1266,546,1045,641,1366,362,366,510,4557,1616,2526,3032
37171,18984,549,552,848,577,1264,1310,371,360,3635,2704,1866,4948
37179,61323,884,654,1034,1888,1898,1830,465,1412,8335,8949,7899,26075
37183,271974,5747,2934,4959,6850,6680,6149,3352,4409,33959,30187,34183,132565
37191,32860,1790,1450,2657,1568,2217,1110,1121,1436,6028,3191,3943,6349
37193,19108,1031,817,814,721,473,913,242,889,3926,3496,2012,3774
37195,18572,1628,733,359,1328,910,961,209,272,2618,2345,2135,5074
38015,25038,166,149,252,337,560,383,99,393,2976,4654,3655,11414
38017,41846,862,615,1123,935,1078,669,772,996,5259,4957,6149,18431
38035,17304,412,115,440,865,373,1098,243,653,2067,2962,1645,6431
38101,14737,287,42,247,277,333,532,0,476,2449,2192,2521,5381
39003,25968,792,586,658,1206,1211,998,155,562,6451,4142,3038,6169
39007,22124,1205,681,1323,990,736,552,501,364,3891,3264,3474,5143
39009,11577,704,621,908,140,613,390,216,240,1610,2270,1037,2828
39013,14724,329,441,346,711,524,783,254,452,2809,2956,2338,2781
39017,94760,3514,2109,1729,3292,2826,3638,2015,1729,14907,13441,12059,33501
39023,34548,1297,1421,847,1165,1322,1926,926,915,6306,6241,4224,7958
39025,51525,933,824,589,1529,1411,1219,627,1233,8240,8845,7273,18802
39029,26096,1136,739,1080,831,1363,1229,749,970,4631,4219,3269,5880
39035,295330,16860,11198,10534,10851,10445,11132,3784,6598,44610,37643,32457,99218
39041,53224,467,252,536,433,1021,694,264,736,5315,6683,6143,30680
39043,19697,301,580,480,905,755,1536,150,484,3278,3085,2714,5429
39045,40227,1063,173,1325,1369,1350,1944,785,622,5388,5426,5893,14889
39049,301328,12325,8988,9633,10233,11892,11077,4106,5810,45032,39204,35082,107946
39055,25274,220,216,264,874,513,500,162,783,2296,3797,3195,12454
39057,43123,1374,678,1509,762,1031,1358,810,681,5361,6254,5410,17895
39061,200962,10304,4872,6298,5721,5897,7807,2398,3522,29603,25690,23794,75056
39063,19705,787,97,269,176,687,504,265,714,3183,3393,3489,6141
39081,16722,683,654,944,489,854,674,452,566,2422,2987,2206,3791
39085,61277,795,729,1083,884,1607,1729,645,1003,10148,11752,8618,22284
39089,44495,1496,733,547,1282,984,2089,484,468,6719,6596,7103,15994
39093,80178,3761,2038,3476,2425,1709,2188,1082,1717,11620,12618,9447,28097
39095,103610,6516,3816,3076,5423,4577,4943,2016,2679,16281,13100,11943,29240
39099,59412,2833,2240,2560,1495,2863,2531,649,1479,8763,8690,9710,15599
39101,14270,960,434,407,890,716,651,198,525,2744,2482,1348,2915
39103,52471,933,758,1341,449,977,967,604,1333,7013,7709,8377,22010
39109,26294,538,241,271,701,449,720,423,394,4728,4488,3797,9544
39113,131352,6862,3975,5405,4204,3925,5769,1465,2682,20651,19194,15832,41388
39119,22554,935,1365,726,838,835,660,589,723,4051,3592,3021,5219
39133,38898,1391,787,465,1182,978,928,884,695,4278,6209,5544,15557
39139,30700,1037,1045,1265,695,1695,2250,340,815,5078,6358,3721,6401
39141,19678,1592,671,510,1434,681,514,581,744,3225,3410,2195,4121
39145,19352,1721,644,969,933,1087,1152,402,585,2783,2923,2650,3503
39151,94986,4282,2748,3232,2672,2669,3170,1802,3168,17123,15277,12074,26769
39153,135033,3954,3783,2601,3938,3401,5396,2053,2912,19012,18946,19809,49228
39155,51155,3202,1840,2254,1969,2778,1771,318,1207,9220,7667,6649,12280
39157,23757,554,312,1338,648,536,1148,788,656,4715,3389,2922,6751
39165,64821,960,1063,774,984,1382,1901,333,704,6471,10218,9424,30607
39169,29166,282,137,864,860,900,1744,638,428,6375,4880,4274,7784
39173,30674,579,465,1268,1054,399,833,311,534,4409,4421,4510,11891
40017,33681,291,604,433,625,980,907,624,640,6723,6043,4554,11257
40027,74314,3056,1248,997,1972,3076,3435,1827,2210,12351,11786,9063,23293
40031,28582,1267,1144,1132,1164,1237,1011,478,585,6007,4741,3642,6174
40037,19555,720,465,714,661,876,539,513,581,3850,3431,2053,5152
40101,18393,759,358,654,1054,778,1374,480,332,4082,2552,2307,3663
40109,186085,10675,6320,8300,7452,7339,8050,3256,4940,31407,25296,17861,55189
40119,16198,369,694,825,371,466,777,125,598,2468,3027,1624,4854
40125,18842,1413,580,747,415,1009,924,384,531,3265,3569,2391,3614
40131,26043,996,400,667,519,1137,869,383,583,4293,4069,3609,8518
40143,158364,7401,4125,5326,4724,6396,6653,2433,3918,25580,23538,17487,50783
40145,22783,540,696,469,450,548,1073,323,647,4165,4317,2364,7191
41003,20800,821,166,331,299,645,484,438,562,2218,3274,2114,9448
41005,112337,2391,1184,1813,2565,1301,2372,1771,1873,13989,16340,12897,53841
41017,51474,1502,1099,1028,1609,1993,1055,796,936,6844,7577,6412,20623
41019,29874,997,788,876,1446,2184,1011,537,1095,6591,4660,3478,6211
41029,57462,2502,1667,1565,1421,2389,1811,1270,1674,9446,9733,6871,17113
41033,23893,2061,533,320,1073,532,1005,1211,870,5004,3037,2790,5457
41035,16551,514,909,869,669,987,644,88,414,3193,2350,1965,3949
41039,91178,3893,2501,3480,2960,3763,2797,2107,1561,14425,14397,11555,27739
41043,33226,1014,796,1360,1364,1986,793,613,803,6840,4667,5203,7787
41047,81647,3184,3285,2787,3535,4051,3844,1162,2554,13871,12331,9986,21057
41051,175694,5063,2857,3692,7261,4462,4514,2466,3197,22234,22290,17723,79935
41053,21756,715,579,1093,728,562,734,587,885,3113,2635,3265,6860
41059,17297,1167,620,624,1085,691,843,281,277,2652,3032,2474,3551
41067,149665,2434,2661,3061,2721,3042,2844,882,3401,19416,17805,19606,71792
41071,24476,1180,529,770,409,1357,1150,252,317,3495,3272,3244,8501
42001,27421,693,299,300,525,895,729,480,817,4237,5513,2483,10450
42003,303257,9034,6299,6078,8604,8764,9197,3018,4364,38346,41545,38182,129826
42005,17972,244,110,261,684,482,1189,373,904,3614,3000,2456,4655
42007,45627,1355,651,1180,1299,1431,1452,873,1130,8035,7227,6714,14280
42011,108057,4132,1866,2801,3134,2713,2991,2085,2671,17540,14797,14858,38469
42013,32833,639,1800,659,835,977,1302,1075,926,5277,5415,5636,8292
42017,171229,2635,1718,1671,1977,3005,4738,1225,1770,19637,20147,21956,90750
42019,51885,916,1167,657,1523,1156,1474,447,757,7286,7550,7255,21697
42021,35505,1470,960,1057,1175,1270,1557,436,757,6982,5687,4695,9459
42025,17193,985,376,207,509,592,1468,308,472,3123,2104,2282,4767
42027,32350,710,223,409,765,750,1282,243,555,5435,4463,4186,13329
42029,138582,2510,2305,1365,3043,1501,1451,1040,1619,10631,15768,16358,80991
42033,20941,907,576,939,835,840,980,321,605,4065,3978,1832,5063
42037,14947,243,289,184,320,362,399,366,684,3036,2546,2130,4388
42039,21985,467,414,885,677,880,883,574,569,5094,3701,3124,4717
42041,63498,1146,203,743,1125,1197,1641,961,1201,8062,10820,7989,28410
42043,69919,3110,1322,2565,2936,1497,2687,1055,1107,11246,8311,8075,26008
42045,139055,2891,2526,2735,3219,2491,5540,2872,2076,18609,17714,14633,63749
42049,68334,2738,1452,2561,2337,4067,2360,1568,1561,12174,11850,7640,18026
42051,37447,1550,1115,1138,1426,1393,1332,651,1154,6497,6448,5149,9594
42055,43935,1554,1255,1220,1175,1044,1586,292,1491,8413,7212,5425,13268
42063,21675,512,670,410,1478,368,736,278,694,4470,3920,3141,4998
42069,53538,2172,1341,1525,2248,2115,1653,768,1656,9488,7535,8025,15012
42071,140049,2102,2004,2528,4228,4095,4737,2621,2983,23059,23893,18638,49161
42073,24528,1363,742,790,1120,1045,1084,449,1017,3853,3660,3709,5696
42075,38309,1339,1014,690,1558,1425,1330,631,1360,5655,6966,5283,11058
42077,90549,2929,2019,3302,2659,2551,3134,1654,1470,15206,12978,10068,32579
42079,80556,4298,2270,2424,2789,3137,2761,1064,1893,13858,12146,10853,23063
42081,29131,1273,165,1149,787,590,1209,616,737,5559,5147,3934,7965
42085,29050,1454,1309,730,905,1072,566,334,873,6353,4651,4181,6622
42089,38090,1795,599,1472,827,1082,1204,305,936,6234,6447,4696,12493
42091,217738,3389,1835,2832,3484,4877,3517,1968,2517,23019,25608,24860,119832
42095,77576,2106,1280,1800,2821,1481,2109,916,1588,10909,12785,9241,30540
42097,24812,844,580,620,945,1315,1137,775,571,4818,3951,3512,5744
42101,325909,26766,17051,18658,17180,16426,14844,6187,8727,46153,43507,28334,82076
42107,36189,1828,813,448,1844,669,2481,663,756,6352,5829,4811,9695
42111,20003,596,316,596,487,853,1080,857,296,4257,3723,2157,4785
42125,54054,1414,839,767,1153,1489,1436,821,1883,7793,7821,7936,20702
42129,97065,2700,1511,1385,1331,3288,3421,1477,1681,16163,15411,14063,34634
42133,120331,3933,1372,1949,3328,3960,3811,1666,2466,20075,18558,15784,43429
44003,42333,983,180,357,922,1535,939,281,429,7598,6180,5269,17660
44005,20562,253,243,470,270,630,528,0,300,2111,1719,1957,12081
44007,138683,7296,4500,5940,4662,4843,5262,2277,3176,17655,20603,17243,45226
44009,33596,438,340,878,720,527,224,107,395,3346,4477,3870,18274
45003,44856,1490,455,2197,1192,2903,1464,580,793,7901,7666,4645,13570
45007,52409,1815,1748,1360,1368,2513,2420,941,1161,9764,9659,6025,13635
45013,52507,1633,1166,1597,749,2125,1454,1596,1486,8480,6606,5771,19844
45015,55010,1722,1220,2142,1571,2518,2564,986,736,8275,9642,7229,16405
45019,93097,3360,2045,4150,3318,3353,3742,1152,1244,11432,8811,9726,40764
45031,15322,1415,882,562,587,1276,981,366,284,2395,1988,1907,2679
45035,39863,1518,661,1338,1623,607,932,893,567,6111,6851,4367,14395
45041,34199,1811,860,1394,1847,1918,1598,365,968,7032,5333,2683,8390
45045,124883,4354,1768,3166,4456,4179,4762,2120,3071,18743,19620,15444,43200
45047,18700,1227,728,380,439,1374,384,987,925,3713,2911,2936,2696
45051,81977,3749,1951,2665,2536,3187,3819,1281,3113,14808,14595,9696,20577
45055,17157,1325,420,641,533,1168,953,465,731,3234,2362,1877,3448
45057,26981,1077,892,1242,718,1133,889,270,309,4151,4580,2573,9147
45059,17551,1226,547,664,788,1158,1029,282,768,3902,2149,2173,2865
45063,76627,2754,2160,2688,2907,2531,3354,1273,1243,13356,11716,9123,23522
45073,19747,1070,680,505,519,474,720,701,467,3715,2689,2778,5429
45075,20665,1716,1034,1739,710,1674,755,416,917,4372,2864,1601,2867
45077,28804,564,666,816,946,1552,1716,946,850,4623,5058,2598,8469
45079,92710,4578,2683,2577,3536,4730,4580,2137,1818,16101,9747,12969,27254
45083,80444,3595,879,3359,3165,2999,4380,1110,1952,15630,14509,8743,20123
45085,28662,1425,1058,1636,1837,1997,1073,578,976,6029,3604,2339,6110
45091,67642,1478,836,1559,2199,2680,1711,1354,1408,9333,10250,9150,25684
46099,47106,803,840,1521,1212,1341,1607,1313,962,7836,9235,6319,14117
46103,27749,768,974,944,1122,336,859,76,887,4646,3770,4241,9126
47001,18778,986,680,1057,943,686,1040,232,131,2970,3317,1553,5183
47009,38384,1255,484,1112,1257,1993,924,784,1079,7852,5888,5726,10030
47011,26252,1202,466,1044,1027,1701,1406,635,330,5980,3533,3488,5440
47037,159825,8110,4954,7400,6207,7078,4043,4428,3985,19643,20069,18008,55900
47059,19095,963,476,609,1348,1454,1172,89,752,2869,3701,1578,4084
47065,91666,3511,2444,1728,3935,2556,2395,1898,2506,14406,14212,12575,29500
47093,115889,4182,2652,2415,3085,5031,3521,2076,2506,19693,17364,13912,39452
47113,24957,2050,871,997,933,1152,564,100,654,4805,2441,3202,7188
47119,24730,616,1042,736,1100,604,1484,675,710,5071,3714,2392,6586
47125,52385,1840,1599,2109,1974,3332,2781,902,2787,9080,8644,4907,12430
47141,21230,285,366,741,465,1920,1437,756,908,4017,3033,2816,4486
47147,21004,555,345,916,658,695,457,494,735,2910,3733,2984,6522
47149,79776,2020,1687,1583,2531,3019,2841,1103,1754,14711,13167,12208,23152
47155,25822,1057,907,772,1446,1352,1090,582,1108,6383,3590,2445,5090
47157,214219,16175,10103,8405,9134,8332,10291,3837,5080,31213,28026,21160,62463
47163,39586,2410,1131,2595,1135,1350,1620,557,1487,7056,5924,4761,9560
47165,49307,1284,1215,922,733,1824,1660,847,1196,8134,7106,6020,18366
47179,34181,1274,398,1423,2068,1142,1640,212,310,6638,4943,4782,9351
47187,63944,584,331,515,617,633,575,345,1538,5395,7022,8744,37645
47189,38241,1659,354,167,1038,872,965,440,511,6032,5871,4376,15956
48005,21615,1397,407,1414,990,2065,1558,805,656,3007,3121,2618,3577
48021,18858,1015,1054,306,537,371,574,337,574,2277,2761,2909,6143
48027,83783,3585,3002,1951,3876,4567,4486,2157,1334,16003,11874,8583,22365
48029,411518,19456,15859,19010,17035,19570,18058,7006,10984,67337,57169,46946,113088
48037,23551,2208,899,846,921,744,1136,820,732,3882,2498,2884,5981
48039,86582,2398,1735,1991,2181,2455,2323,1856,1301,11946,14764,9439,34193
48041,42273,1492,2061,1446,2117,1596,1782,470,842,6586,5502,4014,14365
48061,99070,9426,7076,8803,7355,7259,6401,2279,3615,15955,12051,6755,12095
48085,253044,5731,2649,3009,4751,5610,4637,1819,3057,27264,29133,32059,133325
48091,38383,1049,303,290,1208,1518,1857,205,508,4828,4552,4514,17551
48099,14496,697,671,522,1056,1051,1104,363,453,2128,2499,2000,1952
48113,601367,25754,16849,22277,30457,28266,32864,13668,17651,100020,78328,57033,178200
48121,212406,4258,1905,2928,3804,3439,3982,1885,3053,23036,28995,25766,109355
48135,38983,1415,690,1300,1062,2614,1701,485,1000,5322,6190,4513,12691
48139,46089,970,773,1197,1174,2183,686,548,579,7235,7951,4903,17890
48141,190227,11362,11722,10696,12812,12982,12047,4767,8031,34382,23670,13865,33891
48157,199146,5142,2895,4824,4541,5062,5805,1974,2965,23950,26302,23975,91711
48167,82957,3085,2561,2037,1583,3133,2800,978,1836,9183,11238,9861,34662
48181,31837,1292,437,828,888,1572,2027,741,1516,4403,5595,4597,7941
48183,29512,1223,1228,681,642,1429,1128,338,690,4486,6371,2741,8555
48187,41568,661,665,1068,1102,1089,1315,840,664,6255,5661,6000,16248
48201,1102826,62252,39357,47679,53352,55314,49992,23176,26157,171984,134530,101535,337498
48203,15766,701,241,257,1101,1177,866,132,252,2307,2463,2087,4182
48209,48342,1337,532,1837,887,1472,731,640,1429,6367,7953,6503,18654
48213,20780,1206,1242,853,636,1057,1719,345,705,2994,3071,1887,5065
48215,190170,20984,15033,16925,13962,13399,10306,3635,5740,30157,21309,13443,25277
48231,23519,553,670,647,1001,804,1228,685,418,4429,3153,2949,6982
48245,58949,4642,1609,2293,3104,2671,4253,883,1039,8121,8292,6807,15235
48251,44857,1351,1560,850,890,1530,2824,1070,933,7745,7969,5041,13094
48257,30719,1104,702,1211,737,935,1271,276,426,5238,5268,3735,9816
48291,18066,707,144,464,649,822,691,212,1108,4434,2348,2762,3725
48303,71198,2349,2366,2574,2671,3454,2658,1662,2260,12758,9905,7236,21305
48309,60708,4702,1957,2322,4088,2055,2925,1124,1231,9537,8581,6091,16095
48329,38617,579,1223,1036,852,733,1550,459,938,4879,4938,4635,16795
48339,147327,4229,2070,4045,4700,6021,3660,1741,2515,19664,17432,15975,65275
48347,14717,969,338,560,593,835,532,283,676,2498,2439,1234,3760
48355,87889,5516,3667,2769,2878,5488,4465,1738,2572,13945,13019,7731,24101
48361,20284,764,150,682,352,787,1049,336,370,3137,3806,2770,6081
48367,34321,385,471,676,584,1536,810,756,681,5156,4139,3351,15776
48375,28561,1902,939,1778,2237,2106,1728,452,1113,5480,3797,1715,5314
48381,34152,391,486,624,221,728,822,473,567,5642,6177,5980,12041
48397,29363,1217,249,165,66,131,889,431,1268,3553,3647,3519,14228
48409,16235,957,684,752,677,752,696,119,385,2966,2206,2192,3849
48423,54682,3286,1431,1827,1384,1556,2561,729,1813,8826,8243,5748,17278
48439,502918,18249,12903,15781,20769,18702,19721,8849,12891,74365,67640,56282,176766
48441,32688,1714,1084,971,2190,1099,1132,473,992,5499,5859,3304,8371
48451,28326,1416,728,1125,1598,605,1539,299,407,6061,4053,3159,7336
48453,281467,9169,6871,7570,7327,7980,9093,4712,4680,32187,31223,25963,134692
48469,21814,643,829,1357,1114,620,815,442,274,3678,2966,2796,6280
48471,13354,1187,466,661,499,442,25,302,401,2382,1742,1292,3955
48479,59208,4763,3837,4898,3512,3802,3699,2039,2034,10012,6157,4816,9639
48485,30563,1592,1100,1343,1769,1329,1445,440,779,4207,5162,4086,7311
48491,135729,2639,953,2162,3679,3024,3456,2274,2169,16624,17234,17561,63954
48497,17357,225,290,497,169,524,533,140,466,3716,2769,2335,5693
49005,29646,1474,615,1295,1401,1603,1167,849,270,6070,5203,3308,6391
49011,83092,2050,530,860,1654,2066,2730,1136,1325,12973,15601,12022,30145
49035,265179,5656,4527,4818,6603,8158,8793,4366,5170,43739,40407,33219,99723
49045,15962,210,361,171,327,372,400,456,394,2895,3993,2455,3928
49049,140373,3131,2788,2617,4573,4326,6250,3235,3672,28386,26052,19226,36117
49053,44128,1238,682,828,2406,2053,2494,798,1484,7607,7538,5816,11184
49057,63224,1226,1203,1614,1438,2386,2344,1207,1263,11846,11277,8570,18850
50007,37668,630,489,821,448,411,669,229,597,3993,4658,5988,18735
51003,26631,871,726,117,414,425,945,214,365,3304,3403,2752,13095
51013,51898,620,496,964,372,1869,1068,282,365,2989,4252,2886,35735
51015,20628,436,259,362,528,630,949,278,413,3109,4071,2750,6843
51019,21765,523,396,608,261,357,704,276,501,4359,3223,3937,6620
51041,93676,2065,813,1736,2003,2685,2350,1456,1328,12054,13953,13329,39904
51059,284876,3001,3291,4398,4612,5356,5190,2953,3582,19917,25115,25028,182433
51061,18279,228,264,26,468,242,434,12,112,1800,2841,1869,9983
51069,23773,389,299,335,344,457,560,316,683,3600,3487,2826,10477
51085,29717,686,123,341,497,448,619,211,218,2934,3435,4351,15854
51087,81503,2057,1082,2083,1403,3014,2111,409,1006,11997,10284,10113,35944
51095,21705,588,464,185,663,381,62,187,80,2451,2763,1781,12100
51107,103064,994,268,1470,758,1985,2704,197,660,6091,7634,7940,72363
51121,17953,677,805,160,468,173,784,330,554,2624,2587,1517,7274
51153,110771,1782,1501,1787,1712,3579,2749,802,2446,11214,11906,13695,57598
51161,25320,0,246,584,423,1013,451,412,226,3522,4232,3609,10602
51165,22397,526,285,372,409,1370,624,583,458,4228,4455,2936,6151
51177,35096,540,906,428,680,1109,1231,159,377,4548,4492,5237,15389
51179,39246,354,643,216,523,609,1232,498,809,3894,4876,4276,21316
51199,16763,440,277,0,296,273,186,83,395,1363,2407,2305,8738
51510,35480,1487,750,1273,917,396,659,337,291,3368,2577,2043,21382
51550,63748,1963,889,889,2034,2129,1791,981,1295,8554,7756,8641,26826
51650,31422,1828,721,898,328,1274,569,803,1515,6282,4036,3419,9749
51680,14511,648,684,169,832,365,1106,111,258,2088,2474,1708,4068
51700,41824,1230,1118,1476,1842,1882,1838,901,1543,8386,4739,4297,12572
51710,51345,2491,1724,2824,3448,1345,2764,421,1477,9340,7041,5755,12715
51740,19958,1467,323,907,629,1053,1589,246,394,4595,1387,2797,4571
51760,40477,3216,897,1804,695,2288,1590,407,1165,6533,4672,3058,14152
51770,22638,1590,898,772,908,1142,1722,557,676,4648,2305,2329,5091
51800,24434,746,429,395,599,469,1168,69,493,3346,3207,2782,10731
51810,116678,2655,1110,1528,1391,2607,3400,1170,2236,17673,16369,18455,48084
53005,48936,1168,496,1515,2068,1131,1501,877,1231,7417,6999,6226,18307
53007,20322,99,473,784,1163,648,1258,94,1010,4436,2230,2238,5889
53009,21564,618,342,678,720,222,941,339,497,3403,2922,3046,7836
53011,124605,3512,1410,1853,3305,2631,2887,1508,3052,19281,20026,14815,50325
53015,28076,1279,726,394,784,1372,1063,323,1475,4102,4869,3535,8154
53021,21365,923,579,870,663,1417,850,288,902,4664,2129,2524,5556
53025,21332,825,242,513,1469,1365,1141,499,664,2900,4854,2297,4563
53027,17388,609,751,233,577,1381,698,477,998,3098,3071,1660,3835
53029,24156,364,98,264,745,729,854,498,247,4099,4412,2499,9347
53033,536144,10738,7604,11154,7912,9400,10179,5357,6737,50129,56943,54213,305778
53035,70776,2225,772,1305,1602,746,1995,732,1510,10455,7524,10407,31503
53041,20221,601,671,280,930,707,556,91,716,4498,2834,2597,5740
53045,15168,420,480,415,594,453,810,550,183,2375,2086,2061,4741
53053,223206,6021,2692,2998,5733,6213,7408,2332,3792,34439,33990,26183,91405
53057,33216,616,616,452,188,1348,1379,390,960,6066,4494,4568,12139
53061,211582,4585,2478,3975,2878,4301,5119,2485,3478,24376,30548,24202,103157
53063,129299,3889,2534,3845,5085,4993,5774,2003,2740,20184,19482,20276,38494
53067,73809,1724,814,876,1915,2911,2191,977,903,10126,11893,10017,29462
53073,52754,1716,289,2571,562,2531,1892,387,1304,7677,7656,6580,19589
53077,60727,2269,2746,2723,4527,3792,3219,1072,2151,11915,8643,6253,11417
54003,29077,590,687,948,731,460,1818,710,431,5833,4663,3547,8659
54011,20673,1257,658,483,936,1047,917,338,248,4266,3509,1908,5106
54033,16051,769,584,758,577,527,758,113,135,2532,2773,2181,4344
54039,45228,2627,1554,2113,1959,1465,1900,718,1104,9110,5482,4825,12371
54061,21507,545,656,252,719,484,674,319,657,3304,2734,2115,9048
54081,19889,1582,691,1195,815,775,729,489,556,4762,2697,1958,3640
54107,22130,970,804,631,1443,877,1211,480,415,3761,3419,2257,5862
55009,66181,1344,958,1561,1403,1768,3031,1133,1031,11619,10544,8887,22902
55025,127612,2448,1225,1622,2341,2159,2776,2115,2128,12521,19100,17095,62082
55027,23524,257,288,936,893,565,415,174,540,5110,3917,3723,6706
55035,22752,650,88,158,343,282,602,378,225,3742,4616,3905,7763
55039,26010,674,872,594,260,733,616,381,278,4892,5188,3766,7756
55055,22536,695,632,123,759,191,523,342,571,3436,3742,3591,7931
55059,41835,1333,1039,1170,382,1652,1595,1109,420,5528,6233,5855,15519
55063,26812,183,232,293,511,694,837,347,312,4721,4744,3798,10140
55071,21201,604,678,341,646,637,566,571,437,3948,4050,2944,5779
55073,37425,531,263,674,1125,1060,1301,494,746,7421,6440,5380,11990
55079,218292,11886,8462,10504,10737,8937,8083,4835,6152,35669,30214,22294,60519
55087,50437,572,1210,952,991,1118,2182,411,1212,8661,8369,6375,18384
55089,25444,254,185,102,458,333,604,20,859,2456,2959,4002,13212
55097,17499,405,380,208,333,676,276,167,367,3121,2874,2863,5829
55101,50339,2544,1041,708,1574,2236,1595,961,1233,7030,7208,7210,16999
55105,40744,1465,559,1189,1263,1433,1019,1243,793,7836,6372,5653,11919
55109,24646,423,37,195,378,344,635,333,770,3482,4093,3334,10622
55117,29351,592,322,307,917,511,758,484,895,5298,6352,4107,8808
55127,26923,390,668,565,869,1037,611,485,536,4409,4996,3811,8546
55131,38313,636,205,56,980,564,1190,544,791,4977,5392,5575,17403
55133,110134,1094,1218,808,1085,1853,1658,595,1305,10764,13768,12944,63042
55139,41338,958,684,692,996,1442,1184,779,1477,7175,6645,5900,13406
55141,19775,527,501,609,1051,459,632,638,549,2911,2758,3609,5531
56021,25836,743,220,513,975,489,746,302,141,3586,3672,4859,9590
56025,20266,520,328,476,271,526,1154,448,634,3932,2238,2308,7431
72013,20820,4390,2672,1483,2208,1892,1891,535,451,2929,1280,553,536
72021,43141,7136,2986,3749,2916,3812,2764,1324,1095,8036,4395,2444,2484
72025,31241,5570,2142,2266,1625,2599,2234,1167,1029,6485,2340,1412,2372
72031,40612,7514,2389,3194,3520,3252,2636,1727,1267,6551,3473,2183,2906
72061,17947,1248,1587,1163,937,1259,971,587,801,2570,1980,1171,3673
72097,16748,4948,2032,1258,1379,1205,937,369,612,2069,771,225,943
72113,34737,8045,4058,4277,3041,2467,2225,616,1182,4408,2080,1174,1164
72127,83520,18712,6547,5233,4158,5008,5511,1753,2127,12337,7394,4650,10090
72135,16232,2353,989,1223,1615,1470,1097,209,517,3264,1352,999,1144
72137,18440,2934,1031,1941,1635,1835,1061,219,634,4667,919,543,1021
72139,16876,1801,1741,1326,1167,838,552,216,424,3866,2335,976,1634
